,duration,srcIp,srcPort,dstIp,dstPort,service,srcBytes,dstBytes,flag,land,urgent,ja3,ja3Ver,ja3Cipher,ja3Extension,ja3Ec,ja3Ecpf,blacklisted
0,27.229609000,10.11.11.200,49156,10.11.11.11,135,6,1006,884,0,0,0,0,0,[],[],[],[],0
1,27.190016000,10.11.11.200,49157,10.11.11.11,49158,6,2659,1860,0,0,0,0,0,[],[],[],[],0
2,0.179915000,10.11.11.200,49158,10.11.11.11,389,6,2635,2968,1,0,0,0,0,[],[],[],[],0
3,0.032116000,10.11.11.200,49159,10.11.11.11,88,6,482,532,1,0,0,0,0,[],[],[],[],0
4,0.061051000,10.11.11.200,49160,10.11.11.11,88,6,618,1871,1,0,0,0,0,[],[],[],[],0
5,0.023433000,10.11.11.200,49161,10.11.11.11,88,6,2022,1992,1,0,0,0,0,[],[],[],[],0
6,56.529084000,10.11.11.200,49162,10.11.11.11,49155,6,3746,2045,0,0,0,0,0,[],[],[],[],0
7,0.039916000,10.11.11.200,49163,10.11.11.11,88,6,482,532,1,0,0,0,0,[],[],[],[],0
8,0.052239000,10.11.11.200,49164,10.11.11.11,88,6,618,1871,1,0,0,0,0,[],[],[],[],0
9,0.027914000,10.11.11.200,49165,10.11.11.11,88,6,2022,1992,1,0,0,0,0,[],[],[],[],0
10,0.894518000,10.11.11.200,49166,10.11.11.11,389,6,3438,4810,1,0,0,0,0,[],[],[],[],0
11,0.032618000,10.11.11.200,49167,10.11.11.11,88,6,1983,1932,1,0,0,0,0,[],[],[],[],0
12,0.029222000,10.11.11.200,49168,10.11.11.11,88,6,1846,1862,1,0,0,0,0,[],[],[],[],0
13,0.370241000,10.11.11.200,49169,10.11.11.11,389,6,2669,910,1,0,0,0,0,[],[],[],[],0
14,0.016763000,10.11.11.200,49170,10.11.11.11,88,6,2935,428,1,0,0,0,0,[],[],[],[],0
15,13.034132000,10.11.11.200,49171,10.11.11.11,445,6,2278,2074,1,0,0,0,0,[],[],[],[],0
16,0.033796000,10.11.11.200,49172,10.11.11.11,88,6,1933,388,1,0,0,0,0,[],[],[],[],0
17,12.923622000,10.11.11.200,49173,10.11.11.11,445,6,5287,2164,1,0,0,0,0,[],[],[],[],0
18,0.039705000,10.11.11.200,49174,10.11.11.11,88,6,2004,1922,1,0,0,0,0,[],[],[],[],0
19,0.061982000,10.11.11.200,49175,10.11.11.11,88,6,1838,1842,1,0,0,0,0,[],[],[],[],0
20,120.959297000,10.11.11.179,50214,172.217.12.42,443,6,2715,7384,0,0,0,6fa3244afc6bb6f9fad207b6b52af26b,771,4865-4866-4867-49196-49195-49188-49187-49162-49161-52393-49200-49199-49192-49191-49172-49171-52392-157-156-61-60-53-47-49160-49170-10-0-0-0-0-0-0-0-0-0-0,65281-0-23-13-5-18-16-11-51-45-43-10-21-0-0-0-0-0-0-0-0-0-0-0-0-0,29-23-24-25-0-0,0-0,0
21,30.982614000,10.11.11.179,50215,23.77.85.37,443,6,1927,6450,2,0,0,55271a105172d5f225e4704755b9b250,771,4865-4866-4867-49196-49195-49188-49187-49162-49161-52393-49200-49199-49192-49191-49172-49171-52392-157-156-61-60-53-47-49160-49170-10-0-0-0-0-0-0-0-0-0-0,65281-0-23-35-13-5-18-16-11-51-45-43-10-21-0-0-0-0-0-0-0-0-0-0-0-0,29-23-24-25-0-0,0-0,0
22,30.982824000,10.11.11.179,50216,23.77.85.37,443,6,1867,6450,2,0,0,55271a105172d5f225e4704755b9b250,771,4865-4866-4867-49196-49195-49188-49187-49162-49161-52393-49200-49199-49192-49191-49172-49171-52392-157-156-61-60-53-47-49160-49170-10-0-0-0-0-0-0-0-0-0-0,65281-0-23-35-13-5-18-16-11-51-45-43-10-21-0-0-0-0-0-0-0-0-0-0-0-0,29-23-24-25-0-0,0-0,0
23,0.302030000,10.11.11.200,49177,10.11.11.11,389,6,3550,3865,1,0,0,0,0,[],[],[],[],0
24,0.241899000,10.11.11.200,49178,10.11.11.11,389,6,3438,870,1,0,0,0,0,[],[],[],[],0
25,0.040609000,10.11.11.200,49179,10.11.11.11,88,6,482,532,1,0,0,0,0,[],[],[],[],0
26,0.040284000,10.11.11.200,49180,10.11.11.11,88,6,618,1871,1,0,0,0,0,[],[],[],[],0
27,0.034533000,10.11.11.200,49181,10.11.11.11,88,6,1949,1904,1,0,0,0,0,[],[],[],[],0
28,50.878057000,10.11.11.179,50217,17.57.144.87,5223,6,7121,4888,0,0,0,f1c5cf087b959cec31bd6285407f689a,771,255-49196-49195-49188-49187-49162-49161-49160-49200-49199-49192-49191-49172-49171-49170-157-156-61-60-53-47-10-0-0-0-0-0-0-0-0-0-0-0-0-0-0,0-10-11-13-13172-16-5-18-23-0-0-0-0-0-0-0-0-0-0-0-0-0-0-0-0-0,23-24-25-0-0-0,0-0,0
29,0.170952000,10.11.11.179,50218,17.57.144.85,5223,6,138,74,1,0,0,0,0,[],[],[],[],0
30,0.002725000,17.57.144.86,5223,10.11.11.179,50122,6,185,120,2,0,0,0,0,[],[],[],[],0
31,0.489450000,10.11.11.179,50219,72.21.81.189,443,6,1531,6904,0,0,0,e4d448cdfe06dc1243c1eb026c74ac9a,771,255-49196-49195-49188-49187-49162-49161-49160-49200-49199-49192-49191-49172-49171-49170-157-156-61-60-53-47-10-0-0-0-0-0-0-0-0-0-0-0-0-0-0,0-10-11-13-5-18-23-0-0-0-0-0-0-0-0-0-0-0-0-0-0-0-0-0-0-0,23-24-25-0-0-0,0-0,0
32,125.166571000,10.11.11.195,50134,13.107.18.254,443,6,1066,7470,1,0,0,10ee8d30a5d01c042afd7b2b205facc4,771,49196-49195-49200-49199-49188-49187-49192-49191-49162-49161-49172-49171-157-156-61-60-53-47-10-0-0-0-0-0-0-0-0-0-0-0-0-0-0-0-0-0,0-5-10-11-13-35-16-23-24-65281-0-0-0-0-0-0-0-0-0-0-0-0-0-0-0-0,29-23-24-0-0-0,0-0,0
33,121.338983000,10.11.11.195,50135,131.253.33.254,443,6,1075,7416,1,0,0,10ee8d30a5d01c042afd7b2b205facc4,771,49196-49195-49200-49199-49188-49187-49192-49191-49162-49161-49172-49171-157-156-61-60-53-47-10-0-0-0-0-0-0-0-0-0-0-0-0-0-0-0-0-0,0-5-10-11-13-35-16-23-24-65281-0-0-0-0-0-0-0-0-0-0-0-0-0-0-0-0,29-23-24-0-0-0,0-0,0
34,123.854564000,10.11.11.195,50136,13.107.6.254,443,6,1066,7137,1,0,0,10ee8d30a5d01c042afd7b2b205facc4,771,49196-49195-49200-49199-49188-49187-49192-49191-49162-49161-49172-49171-157-156-61-60-53-47-10-0-0-0-0-0-0-0-0-0-0-0-0-0-0-0-0-0,0-5-10-11-13-35-16-23-24-65281-0-0-0-0-0-0-0-0-0-0-0-0-0-0-0-0,29-23-24-0-0-0,0-0,0
35,123.247417000,10.11.11.195,50137,13.107.49.254,443,6,1066,7416,1,0,0,10ee8d30a5d01c042afd7b2b205facc4,771,49196-49195-49200-49199-49188-49187-49192-49191-49162-49161-49172-49171-157-156-61-60-53-47-10-0-0-0-0-0-0-0-0-0-0-0-0-0-0-0-0-0,0-5-10-11-13-35-16-23-24-65281-0-0-0-0-0-0-0-0-0-0-0-0-0-0-0-0,29-23-24-0-0-0,0-0,0
36,121.993941000,10.11.11.195,50133,13.107.246.254,443,6,1186,7470,1,0,0,10ee8d30a5d01c042afd7b2b205facc4,771,49196-49195-49200-49199-49188-49187-49192-49191-49162-49161-49172-49171-157-156-61-60-53-47-10-0-0-0-0-0-0-0-0-0-0-0-0-0-0-0-0-0,0-5-10-11-13-35-16-23-24-65281-0-0-0-0-0-0-0-0-0-0-0-0-0-0-0-0,29-23-24-0-0-0,0-0,0
37,30.578396000,10.11.11.217,62516,17.142.171.10,443,6,2243,4269,2,0,0,55271a105172d5f225e4704755b9b250,771,4865-4866-4867-49196-49195-49188-49187-49162-49161-52393-49200-49199-49192-49191-49172-49171-52392-157-156-61-60-53-47-49160-49170-10-0-0-0-0-0-0-0-0-0-0,65281-0-23-35-13-5-18-16-11-51-45-43-10-21-0-0-0-0-0-0-0-0-0-0-0-0,29-23-24-25-0-0,0-0,0
38,0.863149000,10.11.11.217,49162,17.57.144.85,5223,6,3275,4303,0,0,0,f1c5cf087b959cec31bd6285407f689a,771,255-49196-49195-49188-49187-49162-49161-49160-49200-49199-49192-49191-49172-49171-49170-157-156-61-60-53-47-10-0-0-0-0-0-0-0-0-0-0-0-0-0-0,0-10-11-13-13172-16-5-18-23-0-0-0-0-0-0-0-0-0-0-0-0-0-0-0-0-0,23-24-25-0-0-0,0-0,0
39,30.592651000,10.11.11.217,62517,23.77.85.37,443,6,1954,6516,3,0,0,55271a105172d5f225e4704755b9b250,771,4865-4866-4867-49196-49195-49188-49187-49162-49161-52393-49200-49199-49192-49191-49172-49171-52392-157-156-61-60-53-47-49160-49170-10-0-0-0-0-0-0-0-0-0-0,65281-0-23-35-13-5-18-16-11-51-45-43-10-21-0-0-0-0-0-0-0-0-0-0-0-0,29-23-24-25-0-0,0-0,0
40,2.507510000,10.11.11.94,59847,216.58.194.35,80,6,470,355,0,0,0,0,0,[],[],[],[],0
41,128.713258000,10.11.11.94,59848,216.58.194.35,80,6,2618,1034,0,0,0,0,0,[],[],[],[],0
42,27.368414000,10.11.11.94,59849,216.58.194.35,80,6,272,140,0,0,0,0,0,[],[],[],[],0
43,0.145233000,10.11.11.94,52866,172.217.12.36,443,6,1436,3420,0,0,0,5354183c5c43b8cd5bb66e72af4c4967,771,49200-49196-49192-49188-49172-49162-165-163-161-159-107-106-105-104-57-56-55-54-136-135-134-133-49202-49198-49194-49190-49167-49157-157-61-53-132-49199-49195-49191-49187,0-11-10-13-13172-16-21-0-0-0-0-0-0-0-0-0-0-0-0-0-0-0-0-0-0-0,23-25-28-27-24-26,0-1,0
44,20.076733000,10.11.11.11,445,10.11.11.200,49276,6,604,0,1,0,0,0,0,[],[],[],[],0
45,0.199725000,10.11.11.203,49156,10.11.11.11,389,6,2617,2968,1,0,0,0,0,[],[],[],[],0
46,0.039007000,10.11.11.203,49157,10.11.11.11,88,6,481,530,1,0,0,0,0,[],[],[],[],0
47,0.040390000,10.11.11.203,49158,10.11.11.11,88,6,617,1852,1,0,0,0,0,[],[],[],[],0
48,0.034306000,10.11.11.203,49159,10.11.11.11,88,6,2004,1974,1,0,0,0,0,[],[],[],[],0
49,27.268820000,10.11.11.203,49160,10.11.11.11,135,6,1006,884,0,0,0,0,0,[],[],[],[],0
50,87.174052000,10.11.11.203,49161,10.11.11.11,49155,6,7042,3832,0,0,0,0,0,[],[],[],[],0
51,0.057186000,10.11.11.203,49162,10.11.11.11,88,6,481,530,1,0,0,0,0,[],[],[],[],0
52,0.060057000,10.11.11.203,49163,10.11.11.11,88,6,617,1852,1,0,0,0,0,[],[],[],[],0
53,0.030853000,10.11.11.203,49164,10.11.11.11,88,6,2004,1974,1,0,0,0,0,[],[],[],[],0
54,0.150958000,216.58.194.35,80,10.11.11.94,59830,6,132,132,0,0,0,0,0,[],[],[],[],0
55,0.940113000,10.11.11.203,49165,10.11.11.11,389,6,3420,4810,1,0,0,0,0,[],[],[],[],0
56,0.027005000,10.11.11.203,49166,10.11.11.11,88,6,1964,1912,1,0,0,0,0,[],[],[],[],0
57,0.360436000,10.11.11.203,49167,10.11.11.11,389,6,2651,910,1,0,0,0,0,[],[],[],[],0
58,0.027197000,10.11.11.203,49168,10.11.11.11,88,6,1826,1841,1,0,0,0,0,[],[],[],[],0
59,0.008751000,10.11.11.203,49169,10.11.11.11,88,6,2898,427,1,0,0,0,0,[],[],[],[],0
60,14.589611000,10.11.11.203,49170,10.11.11.11,445,6,2274,2074,1,0,0,0,0,[],[],[],[],0
61,0.036570000,10.11.11.203,49171,10.11.11.11,88,6,1915,388,1,0,0,0,0,[],[],[],[],0
62,38.479382000,10.11.11.203,49172,10.11.11.11,445,6,5307,2164,1,0,0,0,0,[],[],[],[],0
63,0.041350000,10.11.11.203,49173,10.11.11.11,88,6,1986,1904,1,0,0,0,0,[],[],[],[],0
64,0.060037000,10.11.11.203,49174,10.11.11.11,88,6,1822,1824,1,0,0,0,0,[],[],[],[],0
65,25.258695000,10.11.11.203,49175,10.11.11.11,49158,6,2639,1860,0,0,0,0,0,[],[],[],[],0
66,15.665736000,10.11.11.200,49182,10.11.11.11,445,6,4682,1712,1,0,0,0,0,[],[],[],[],0
67,0.040226000,10.11.11.200,49183,10.11.11.11,88,6,2004,1922,1,0,0,0,0,[],[],[],[],0
68,0.042977000,10.11.11.200,49184,10.11.11.11,88,6,1838,1842,1,0,0,0,0,[],[],[],[],0
69,2.364198000,10.11.11.217,62518,17.167.194.224,443,6,2532,4110,0,0,0,6fa3244afc6bb6f9fad207b6b52af26b,771,4865-4866-4867-49196-49195-49188-49187-49162-49161-52393-49200-49199-49192-49191-49172-49171-52392-157-156-61-60-53-47-49160-49170-10-0-0-0-0-0-0-0-0-0-0,65281-0-23-13-5-18-16-11-51-45-43-10-21-0-0-0-0-0-0-0-0-0-0-0-0-0,29-23-24-25-0-0,0-0,0
70,0.269876000,10.11.11.203,49177,10.11.11.11,389,6,3532,3865,1,0,0,0,0,[],[],[],[],0
71,0.200380000,10.11.11.203,49178,10.11.11.11,389,6,3420,870,1,0,0,0,0,[],[],[],[],0
72,0.038415000,10.11.11.203,49179,10.11.11.11,88,6,481,530,1,0,0,0,0,[],[],[],[],0
73,0.040323000,10.11.11.203,49180,10.11.11.11,88,6,617,1852,1,0,0,0,0,[],[],[],[],0
74,0.031034000,10.11.11.203,49181,10.11.11.11,88,6,1930,1884,1,0,0,0,0,[],[],[],[],0
75,30.108277000,10.11.11.179,50220,17.249.57.246,443,6,1270,946,2,0,0,f6b71761263862d25b0a2759609a5850,771,4865-4866-4867-49196-49195-49188-49187-49162-49161-52393-49200-49199-49192-49191-49172-49171-52392-157-156-61-60-53-47-49160-49170-10-0-0-0-0-0-0-0-0-0-0,65281-0-23-35-13-5-18-16-11-51-45-43-10-41-0-0-0-0-0-0-0-0-0-0-0-0,29-23-24-25-0-0,0-0,0
76,53.231966000,10.11.11.179,50221,143.204.29.34,80,6,2391,35083,0,0,0,0,0,[],[],[],[],0
77,1.707596000,10.11.11.179,50222,17.248.185.100,443,6,7189,10531,0,0,0,6fa3244afc6bb6f9fad207b6b52af26b,771,4865-4866-4867-49196-49195-49188-49187-49162-49161-52393-49200-49199-49192-49191-49172-49171-52392-157-156-61-60-53-47-49160-49170-10-0-0-0-0-0-0-0-0-0-0,65281-0-23-13-5-18-16-11-51-45-43-10-21-0-0-0-0-0-0-0-0-0-0-0-0-0,29-23-24-25-0-0,0-0,0
78,52.855769000,10.11.11.179,50223,143.204.29.34,80,6,1308,16441,0,0,0,0,0,[],[],[],[],0
79,49.045066000,10.11.11.179,50224,23.77.84.211,80,6,769,810,0,0,0,0,0,[],[],[],[],0
80,36.600094000,10.11.11.179,50225,216.58.193.142,443,6,9651,145491,0,0,0,6fa3244afc6bb6f9fad207b6b52af26b,771,4865-4866-4867-49196-49195-49188-49187-49162-49161-52393-49200-49199-49192-49191-49172-49171-52392-157-156-61-60-53-47-49160-49170-10-0-0-0-0-0-0-0-0-0-0,65281-0-23-13-5-18-16-11-51-45-43-10-21-0-0-0-0-0-0-0-0-0-0-0-0-0,29-23-24-25-0-0,0-0,0
81,49.046003000,10.11.11.179,50226,13.249.79.119,80,6,811,898,0,0,0,0,0,[],[],[],[],0
82,49.047376000,10.11.11.179,50227,151.101.50.2,80,6,1913,34703,0,0,0,0,0,[],[],[],[],0
83,49.044192000,10.11.11.179,50228,13.249.79.119,80,6,799,901,0,0,0,0,0,[],[],[],[],0
84,43.281383000,10.11.11.179,50229,23.77.84.211,443,6,4837,72929,3,0,0,6fa3244afc6bb6f9fad207b6b52af26b,771,4865-4866-4867-49196-49195-49188-49187-49162-49161-52393-49200-49199-49192-49191-49172-49171-52392-157-156-61-60-53-47-49160-49170-10-0-0-0-0-0-0-0-0-0-0,65281-0-23-13-5-18-16-11-51-45-43-10-21-0-0-0-0-0-0-0-0-0-0-0-0-0,29-23-24-25-0-0,0-0,0
85,120.228613000,10.11.11.179,50230,13.249.79.119,443,6,4764,54393,0,0,0,6fa3244afc6bb6f9fad207b6b52af26b,771,4865-4866-4867-49196-49195-49188-49187-49162-49161-52393-49200-49199-49192-49191-49172-49171-52392-157-156-61-60-53-47-49160-49170-10-0-0-0-0-0-0-0-0-0-0,65281-0-23-13-5-18-16-11-51-45-43-10-21-0-0-0-0-0-0-0-0-0-0-0-0-0,29-23-24-25-0-0,0-0,0
86,5.530106000,10.11.11.94,58831,64.98.145.30,80,6,926,1090,0,0,0,0,0,[],[],[],[],0
87,75.408892000,10.11.11.179,50231,143.204.29.89,80,6,4388,53906,0,0,0,0,0,[],[],[],[],0
88,75.410409000,10.11.11.179,50232,143.204.29.89,80,6,8109,142104,0,0,0,0,0,[],[],[],[],0
89,75.406968000,10.11.11.179,50233,143.204.29.89,80,6,2428,18074,0,0,0,0,0,[],[],[],[],0
90,75.406774000,10.11.11.179,50234,143.204.29.89,80,6,2827,11930,0,0,0,0,0,[],[],[],[],0
91,106.301257000,10.11.11.179,50235,13.33.255.25,80,6,6800,96819,0,0,0,0,0,[],[],[],[],0
92,45.074294000,10.11.11.179,50236,143.204.29.89,80,6,2503,33667,0,0,0,0,0,[],[],[],[],0
93,45.073751000,10.11.11.179,50237,143.204.29.89,80,6,1838,13990,0,0,0,0,0,[],[],[],[],0
94,114.240324000,10.11.11.94,56447,52.218.228.130,80,6,5419,164892,1,0,0,0,0,[],[],[],[],0
95,240.125720000,10.11.11.94,40655,172.217.1.142,443,6,2362,6635,0,0,0,0,0,[],[],[],[],0
96,0.104881000,10.11.11.94,40656,172.217.1.142,443,6,1237,4815,2,0,0,0,0,[],[],[],[],0
97,240.129069000,10.11.11.94,41879,172.217.12.46,443,6,1989,6841,0,0,0,0,0,[],[],[],[],0
98,0.090866000,10.11.11.94,41880,172.217.12.46,443,6,1237,4815,2,0,0,0,0,[],[],[],[],0
99,41.985564000,10.11.11.179,50238,67.199.248.26,80,6,895,3566,0,0,0,0,0,[],[],[],[],0
100,240.113231000,10.11.11.94,59877,172.217.1.136,443,6,2480,34952,0,0,0,0,0,[],[],[],[],0
101,240.082694000,10.11.11.94,59878,172.217.1.136,443,6,1249,4564,0,0,0,0,0,[],[],[],[],0
102,240.102750000,10.11.11.94,42370,172.217.6.174,443,6,2148,15158,0,0,0,0,0,[],[],[],[],0
103,240.082763000,10.11.11.94,42371,172.217.6.174,443,6,1249,5069,0,0,0,0,0,[],[],[],[],0
104,36.989838000,10.11.11.179,50239,13.33.255.51,80,6,760,1032,0,0,0,0,0,[],[],[],[],0
105,0.069864000,10.11.11.203,49182,10.11.11.11,88,6,470,472,1,0,0,0,0,[],[],[],[],0
106,0.040195000,10.11.11.203,49183,10.11.11.11,88,6,606,1853,1,0,0,0,0,[],[],[],[],0
107,0.040837000,10.11.11.203,49184,10.11.11.11,88,6,1853,1874,1,0,0,0,0,[],[],[],[],0
108,22.659434000,10.11.11.203,49185,10.11.11.11,135,6,728,628,0,0,0,0,0,[],[],[],[],0
109,0.026730000,10.11.11.203,49186,10.11.11.11,88,6,2026,1996,1,0,0,0,0,[],[],[],[],0
110,0.542548000,10.11.11.203,49187,10.11.11.11,389,6,2988,2334,1,0,0,0,0,[],[],[],[],0
111,0.027128000,10.11.11.203,49188,10.11.11.11,88,6,2008,1980,1,0,0,0,0,[],[],[],[],0
112,0.240201000,10.11.11.203,49189,10.11.11.11,389,6,2641,910,1,0,0,0,0,[],[],[],[],0
113,39.929356000,10.11.11.203,49190,10.11.11.11,445,6,5138,1858,1,0,0,0,0,[],[],[],[],0
114,0.050152000,10.11.11.203,49191,10.11.11.11,88,6,2008,1980,1,0,0,0,0,[],[],[],[],0
115,0.043499000,10.11.11.203,49192,10.11.11.11,88,6,1842,1846,1,0,0,0,0,[],[],[],[],0
116,90.321026000,10.11.11.94,51794,216.58.194.46,443,6,2063,24053,0,0,0,0,0,[],[],[],[],0
117,90.183560000,10.11.11.94,51795,216.58.194.46,443,6,1249,4376,0,0,0,0,0,[],[],[],[],0
118,1.286943000,10.11.11.217,62519,172.226.184.85,443,6,2039,6213,2,0,0,6fa3244afc6bb6f9fad207b6b52af26b,771,4865-4866-4867-49196-49195-49188-49187-49162-49161-52393-49200-49199-49192-49191-49172-49171-52392-157-156-61-60-53-47-49160-49170-10-0-0-0-0-0-0-0-0-0-0,65281-0-23-13-5-18-16-11-51-45-43-10-21-0-0-0-0-0-0-0-0-0-0-0-0-0,29-23-24-25-0-0,0-0,0
119,0.039896000,10.11.11.200,49185,10.11.11.11,88,6,471,420,1,0,0,0,0,[],[],[],[],0
120,0.040735000,10.11.11.200,49186,10.11.11.11,88,6,607,1864,1,0,0,0,0,[],[],[],[],0
121,0.039407000,10.11.11.200,49187,10.11.11.11,88,6,1864,1886,1,0,0,0,0,[],[],[],[],0
122,14.619742000,10.11.11.200,49188,10.11.11.11,135,6,728,562,0,0,0,0,0,[],[],[],[],0
123,49.584551000,10.11.11.200,49189,10.11.11.11,49155,6,4335,2421,0,0,0,0,0,[],[],[],[],0
124,0.064526000,10.11.11.200,49190,10.11.11.11,88,6,2036,2006,1,0,0,0,0,[],[],[],[],0
125,0.787589000,10.11.11.200,49191,10.11.11.11,389,6,2998,2334,1,0,0,0,0,[],[],[],[],0
126,0.030578000,10.11.11.200,49192,10.11.11.11,88,6,2018,1990,1,0,0,0,0,[],[],[],[],0
127,0.190172000,10.11.11.200,49193,10.11.11.11,389,6,2651,910,1,0,0,0,0,[],[],[],[],0
128,40.139328000,10.11.11.200,49194,10.11.11.11,445,6,5371,2164,1,0,0,0,0,[],[],[],[],0
129,0.044186000,10.11.11.200,49195,10.11.11.11,88,6,2018,1936,1,0,0,0,0,[],[],[],[],0
130,0.021913000,10.11.11.200,49196,10.11.11.11,88,6,1851,1856,1,0,0,0,0,[],[],[],[],0
131,51.041079000,10.11.11.179,50240,143.204.29.8,443,6,2265,12861,0,0,0,6fa3244afc6bb6f9fad207b6b52af26b,771,4865-4866-4867-49196-49195-49188-49187-49162-49161-52393-49200-49199-49192-49191-49172-49171-52392-157-156-61-60-53-47-49160-49170-10-0-0-0-0-0-0-0-0-0-0,65281-0-23-13-5-18-16-11-51-45-43-10-21-0-0-0-0-0-0-0-0-0-0-0-0-0,29-23-24-25-0-0,0-0,0
132,0.169509000,10.11.11.179,50241,172.217.1.136,443,6,3671,48190,0,0,0,6fa3244afc6bb6f9fad207b6b52af26b,771,4865-4866-4867-49196-49195-49188-49187-49162-49161-52393-49200-49199-49192-49191-49172-49171-52392-157-156-61-60-53-47-49160-49170-10-0-0-0-0-0-0-0-0-0-0,65281-0-23-13-5-18-16-11-51-45-43-10-21-0-0-0-0-0-0-0-0-0-0-0-0-0,29-23-24-25-0-0,0-0,0
133,81.442419000,10.11.11.179,50242,13.33.255.25,80,6,6034,83025,0,0,0,0,0,[],[],[],[],0
134,81.439354000,10.11.11.179,50243,13.33.255.25,80,6,6100,85603,0,0,0,0,0,[],[],[],[],0
135,81.438794000,10.11.11.179,50244,13.33.255.25,80,6,5243,77285,0,0,0,0,0,[],[],[],[],0
136,81.438627000,10.11.11.179,50245,13.33.255.25,80,6,5836,76786,0,0,0,0,0,[],[],[],[],0
137,81.438399000,10.11.11.179,50246,13.33.255.25,80,6,4664,66208,0,0,0,0,0,[],[],[],[],0
138,7.655119000,10.11.11.179,50247,172.217.12.36,443,6,3292,8663,0,0,0,6fa3244afc6bb6f9fad207b6b52af26b,771,4865-4866-4867-49196-49195-49188-49187-49162-49161-52393-49200-49199-49192-49191-49172-49171-52392-157-156-61-60-53-47-49160-49170-10-0-0-0-0-0-0-0-0-0-0,65281-0-23-13-5-18-16-11-51-45-43-10-21-0-0-0-0-0-0-0-0-0-0-0-0-0,29-23-24-25-0-0,0-0,0
139,33.079349000,10.11.11.179,50248,216.58.194.46,443,6,7632,50219,0,0,0,6fa3244afc6bb6f9fad207b6b52af26b,771,4865-4866-4867-49196-49195-49188-49187-49162-49161-52393-49200-49199-49192-49191-49172-49171-52392-157-156-61-60-53-47-49160-49170-10-0-0-0-0-0-0-0-0-0-0,65281-0-23-13-5-18-16-11-51-45-43-10-21-0-0-0-0-0-0-0-0-0-0-0-0-0,29-23-24-25-0-0,0-0,0
140,77.887841000,10.11.11.179,50249,52.39.8.230,80,6,7034,3992,0,0,0,0,0,[],[],[],[],0
141,46.918226000,10.11.11.179,50250,151.101.50.2,80,6,4278,111245,0,0,0,0,0,[],[],[],[],0
142,46.929216000,10.11.11.179,50251,23.203.62.64,80,6,2361,2592,0,0,0,0,0,[],[],[],[],0
143,46.917674000,10.11.11.179,50252,172.217.9.134,80,6,856,889,0,0,0,0,0,[],[],[],[],0
144,65.411960000,10.11.11.179,50253,31.13.93.26,443,6,9591,211380,3,0,0,6fa3244afc6bb6f9fad207b6b52af26b,771,4865-4866-4867-49196-49195-49188-49187-49162-49161-52393-49200-49199-49192-49191-49172-49171-52392-157-156-61-60-53-47-49160-49170-10-0-0-0-0-0-0-0-0-0-0,65281-0-23-13-5-18-16-11-51-45-43-10-21-0-0-0-0-0-0-0-0-0-0-0-0-0,29-23-24-25-0-0,0-0,0
145,0.134224000,10.11.11.179,50254,172.217.12.77,443,6,2626,5762,0,0,0,6fa3244afc6bb6f9fad207b6b52af26b,771,4865-4866-4867-49196-49195-49188-49187-49162-49161-52393-49200-49199-49192-49191-49172-49171-52392-157-156-61-60-53-47-49160-49170-10-0-0-0-0-0-0-0-0-0-0,65281-0-23-13-5-18-16-11-51-45-43-10-21-0-0-0-0-0-0-0-0-0-0-0-0-0,29-23-24-25-0-0,0-0,0
146,77.846302000,10.11.11.179,50255,184.31.241.232,443,6,3687,8200,2,0,0,6fa3244afc6bb6f9fad207b6b52af26b,771,4865-4866-4867-49196-49195-49188-49187-49162-49161-52393-49200-49199-49192-49191-49172-49171-52392-157-156-61-60-53-47-49160-49170-10-0-0-0-0-0-0-0-0-0-0,65281-0-23-13-5-18-16-11-51-45-43-10-21-0-0-0-0-0-0-0-0-0-0-0-0-0,29-23-24-25-0-0,0-0,0
147,0.142019000,10.11.11.179,50256,172.217.2.238,443,6,2623,5949,0,0,0,6fa3244afc6bb6f9fad207b6b52af26b,771,4865-4866-4867-49196-49195-49188-49187-49162-49161-52393-49200-49199-49192-49191-49172-49171-52392-157-156-61-60-53-47-49160-49170-10-0-0-0-0-0-0-0-0-0-0,65281-0-23-13-5-18-16-11-51-45-43-10-21-0-0-0-0-0-0-0-0-0-0-0-0-0,29-23-24-25-0-0,0-0,0
148,65.253832000,10.11.11.179,50257,31.13.93.26,443,6,4197,66782,3,0,0,6fa3244afc6bb6f9fad207b6b52af26b,771,4865-4866-4867-49196-49195-49188-49187-49162-49161-52393-49200-49199-49192-49191-49172-49171-52392-157-156-61-60-53-47-49160-49170-10-0-0-0-0-0-0-0-0-0-0,65281-0-23-13-5-18-16-11-51-45-43-10-21-0-0-0-0-0-0-0-0-0-0-0-0-0,29-23-24-25-0-0,0-0,0
149,42.944561000,10.11.11.179,50258,35.190.92.63,80,6,1097,7607,0,0,0,0,0,[],[],[],[],0
150,73.847777000,10.11.11.179,50259,172.226.209.65,443,6,3021,5870,2,0,0,6fa3244afc6bb6f9fad207b6b52af26b,771,4865-4866-4867-49196-49195-49188-49187-49162-49161-52393-49200-49199-49192-49191-49172-49171-52392-157-156-61-60-53-47-49160-49170-10-0-0-0-0-0-0-0-0-0-0,65281-0-23-13-5-18-16-11-51-45-43-10-21-0-0-0-0-0-0-0-0-0-0-0-0-0,29-23-24-25-0-0,0-0,0
151,0.113225000,10.11.11.179,50260,172.217.9.3,443,6,2566,10098,0,0,0,6fa3244afc6bb6f9fad207b6b52af26b,771,4865-4866-4867-49196-49195-49188-49187-49162-49161-52393-49200-49199-49192-49191-49172-49171-52392-157-156-61-60-53-47-49160-49170-10-0-0-0-0-0-0-0-0-0-0,65281-0-23-13-5-18-16-11-51-45-43-10-21-0-0-0-0-0-0-0-0-0-0-0-0-0,29-23-24-25-0-0,0-0,0
152,0.132850000,10.11.11.179,50261,108.177.103.154,443,6,2313,4815,0,0,0,6fa3244afc6bb6f9fad207b6b52af26b,771,4865-4866-4867-49196-49195-49188-49187-49162-49161-52393-49200-49199-49192-49191-49172-49171-52392-157-156-61-60-53-47-49160-49170-10-0-0-0-0-0-0-0-0-0-0,65281-0-23-13-5-18-16-11-51-45-43-10-21-0-0-0-0-0-0-0-0-0-0-0-0-0,29-23-24-25-0-0,0-0,0
153,0.142289000,10.11.11.179,50262,151.101.50.2,80,6,2986,1688,0,0,0,0,0,[],[],[],[],0
154,0.072817000,10.11.11.179,50263,151.101.50.2,80,6,935,654,0,0,0,0,0,[],[],[],[],0
155,0.071073000,10.11.11.179,50264,151.101.50.2,80,6,936,654,0,0,0,0,0,[],[],[],[],0
156,14.564741000,10.11.11.200,49197,10.11.11.11,135,6,728,562,0,0,0,0,0,[],[],[],[],0
157,10.859270000,10.11.11.203,49193,10.11.11.11,445,6,4433,1406,1,0,0,0,0,[],[],[],[],0
158,0.039568000,10.11.11.203,49194,10.11.11.11,88,6,1986,1904,1,0,0,0,0,[],[],[],[],0
159,0.043440000,10.11.11.203,49195,10.11.11.11,88,6,1822,1824,1,0,0,0,0,[],[],[],[],0
160,70.751401000,10.11.11.179,50265,34.98.72.95,80,6,6702,136463,0,0,0,0,0,[],[],[],[],0
161,3.216251000,10.11.11.179,50266,34.98.72.95,443,6,2281,5526,0,0,0,6fa3244afc6bb6f9fad207b6b52af26b,771,4865-4866-4867-49196-49195-49188-49187-49162-49161-52393-49200-49199-49192-49191-49172-49171-52392-157-156-61-60-53-47-49160-49170-10-0-0-0-0-0-0-0-0-0-0,65281-0-23-13-5-18-16-11-51-45-43-10-21-0-0-0-0-0-0-0-0-0-0-0-0-0,29-23-24-25-0-0,0-0,0
162,0.075237000,10.11.11.179,50267,66.171.225.80,80,6,710,1185,0,0,0,0,0,[],[],[],[],0
163,2.556024000,10.11.11.179,50268,143.204.29.61,443,6,3459,38975,0,0,0,6fa3244afc6bb6f9fad207b6b52af26b,771,4865-4866-4867-49196-49195-49188-49187-49162-49161-52393-49200-49199-49192-49191-49172-49171-52392-157-156-61-60-53-47-49160-49170-10-0-0-0-0-0-0-0-0-0-0,65281-0-23-13-5-18-16-11-51-45-43-10-21-0-0-0-0-0-0-0-0-0-0-0-0-0,29-23-24-25-0-0,0-0,0
164,0.968647000,10.11.11.195,50139,12.133.50.21,80,6,1102,10696,0,0,0,0,0,[],[],[],[],0
165,0.600746000,10.11.11.195,50138,12.133.50.21,80,6,886,10214,0,0,0,0,0,[],[],[],[],0
166,0.400074000,10.11.11.195,50140,12.133.50.21,80,6,1400,34851,0,0,0,0,0,[],[],[],[],0
167,0.383493000,10.11.11.195,50141,12.133.50.21,80,6,745,1020,0,0,0,0,0,[],[],[],[],0
168,0.391499000,10.11.11.195,50142,12.133.50.21,80,6,1438,29278,0,0,0,0,0,[],[],[],[],0
169,0.383656000,10.11.11.195,50143,12.133.50.21,80,6,1077,13365,0,0,0,0,0,[],[],[],[],0
170,0.378242000,10.11.11.195,50144,12.133.50.21,80,6,721,5703,0,0,0,0,0,[],[],[],[],0
171,0.176697000,10.11.11.195,50145,12.133.50.21,80,6,846,7848,0,0,0,0,0,[],[],[],[],0
172,0.167549000,10.11.11.195,50147,12.133.50.21,80,6,798,2190,0,0,0,0,0,[],[],[],[],0
173,0.173903000,10.11.11.195,50146,12.133.50.21,80,6,896,11173,0,0,0,0,0,[],[],[],[],0
174,0.166685000,10.11.11.195,50148,12.133.50.21,80,6,740,1735,0,0,0,0,0,[],[],[],[],0
175,0.160525000,10.11.11.195,50149,12.133.50.21,80,6,901,5987,0,0,0,0,0,[],[],[],[],0
176,0.188583000,10.11.11.195,50150,12.133.50.21,80,6,784,923,0,0,0,0,0,[],[],[],[],0
177,0.170959000,10.11.11.195,50151,12.133.50.21,80,6,780,1641,0,0,0,0,0,[],[],[],[],0
178,0.233986000,10.11.11.195,50152,12.133.50.21,80,6,1569,24331,0,0,0,0,0,[],[],[],[],0
179,0.173267000,10.11.11.195,50153,12.133.50.21,80,6,877,4230,0,0,0,0,0,[],[],[],[],0
180,0.360719000,10.11.11.179,50269,143.204.29.20,443,6,2565,9194,0,0,0,6fa3244afc6bb6f9fad207b6b52af26b,771,4865-4866-4867-49196-49195-49188-49187-49162-49161-52393-49200-49199-49192-49191-49172-49171-52392-157-156-61-60-53-47-49160-49170-10-0-0-0-0-0-0-0-0-0-0,65281-0-23-13-5-18-16-11-51-45-43-10-21-0-0-0-0-0-0-0-0-0-0-0-0-0,29-23-24-25-0-0,0-0,0
181,692.337802000,10.11.11.145,41835,173.194.67.188,5228,6,640,368,0,0,0,0,0,[],[],[],[],0
182,0.235177000,10.11.11.195,50155,12.133.50.22,80,6,1286,16668,0,0,0,0,0,[],[],[],[],0
183,0.206535000,10.11.11.195,50154,12.133.50.22,80,6,806,4487,0,0,0,0,0,[],[],[],[],0
184,0.185043000,10.11.11.195,50156,12.133.50.22,80,6,806,4025,0,0,0,0,0,[],[],[],[],0
185,0.211903000,10.11.11.195,50157,12.133.50.22,80,6,926,5792,0,0,0,0,0,[],[],[],[],0
186,1.180464000,10.11.11.195,50158,12.133.50.22,80,6,992,5371,0,0,0,0,0,[],[],[],[],0
187,0.250705000,10.11.11.195,50159,12.133.50.22,80,6,1441,24127,0,0,0,0,0,[],[],[],[],0
188,0.297501000,10.11.11.195,50160,12.133.50.22,80,6,1826,38481,0,0,0,0,0,[],[],[],[],0
189,0.293213000,10.11.11.195,50161,12.133.50.22,80,6,1946,41392,0,0,0,0,0,[],[],[],[],0
190,0.210700000,10.11.11.195,50162,12.133.50.22,80,6,926,4141,0,0,0,0,0,[],[],[],[],0
191,0.203933000,10.11.11.195,50163,12.133.50.22,80,6,926,7134,0,0,0,0,0,[],[],[],[],0
192,0.199825000,10.11.11.195,50164,12.133.50.22,80,6,986,6020,0,0,0,0,0,[],[],[],[],0
193,24.260039000,10.11.11.195,50165,104.16.249.5,443,6,857,3145,3,0,0,10ee8d30a5d01c042afd7b2b205facc4,771,49196-49195-49200-49199-49188-49187-49192-49191-49162-49161-49172-49171-157-156-61-60-53-47-10-0-0-0-0-0-0-0-0-0-0-0-0-0-0-0-0-0,0-5-10-11-13-35-16-23-24-65281-0-0-0-0-0-0-0-0-0-0-0-0-0-0-0-0,29-23-24-0-0-0,0-0,0
194,24.250381000,10.11.11.195,50166,104.16.249.5,443,6,917,3144,3,0,0,10ee8d30a5d01c042afd7b2b205facc4,771,49196-49195-49200-49199-49188-49187-49192-49191-49162-49161-49172-49171-157-156-61-60-53-47-10-0-0-0-0-0-0-0-0-0-0-0-0-0-0-0-0-0,0-5-10-11-13-35-16-23-24-65281-0-0-0-0-0-0-0-0-0-0-0-0-0-0-0-0,29-23-24-0-0-0,0-0,0
195,105.120379000,10.11.11.195,50168,172.217.12.42,80,6,246,120,0,0,0,0,0,[],[],[],[],0
196,105.120380000,10.11.11.195,50167,172.217.12.42,80,6,1830,35033,0,0,0,0,0,[],[],[],[],0
197,105.117641000,10.11.11.195,50169,104.17.213.204,80,6,722,1175,0,0,0,0,0,[],[],[],[],0
198,124.028969000,10.11.11.195,50170,104.17.213.204,80,6,306,120,1,0,0,0,0,[],[],[],[],0
199,105.115746000,10.11.11.195,50171,172.217.6.170,80,6,854,1463,0,0,0,0,0,[],[],[],[],0
200,105.116370000,10.11.11.195,50172,104.17.220.204,443,6,1181,4254,0,0,0,10ee8d30a5d01c042afd7b2b205facc4,771,49196-49195-49200-49199-49188-49187-49192-49191-49162-49161-49172-49171-157-156-61-60-53-47-10-0-0-0-0-0-0-0-0-0-0-0-0-0-0-0-0-0,0-5-10-11-13-35-16-23-24-65281-0-0-0-0-0-0-0-0-0-0-0-0-0-0-0-0,29-23-24-0-0-0,0-0,0
201,105.115784000,10.11.11.195,50173,172.217.6.170,80,6,246,120,0,0,0,0,0,[],[],[],[],0
202,105.115570000,10.11.11.195,50174,104.17.220.204,443,6,1652,8629,0,0,0,10ee8d30a5d01c042afd7b2b205facc4,771,49196-49195-49200-49199-49188-49187-49192-49191-49162-49161-49172-49171-157-156-61-60-53-47-10-0-0-0-0-0-0-0-0-0-0-0-0-0-0-0-0-0,0-5-10-11-13-35-16-23-24-65281-0-0-0-0-0-0-0-0-0-0-0-0-0-0-0-0,29-23-24-0-0-0,0-0,0
203,60.643423000,10.11.11.179,50270,13.33.255.72,80,6,3259,10821,0,0,0,0,0,[],[],[],[],0
204,0.060345000,10.11.11.179,50271,130.211.47.17,443,6,1033,3389,4,0,0,6fa3244afc6bb6f9fad207b6b52af26b,771,4865-4866-4867-49196-49195-49188-49187-49162-49161-52393-49200-49199-49192-49191-49172-49171-52392-157-156-61-60-53-47-49160-49170-10-0-0-0-0-0-0-0-0-0-0,65281-0-23-13-5-18-16-11-51-45-43-10-21-0-0-0-0-0-0-0-0-0-0-0-0-0,29-23-24-25-0-0,0-0,0
205,61.968827000,10.11.11.179,50272,172.217.2.226,443,6,16541,135175,0,0,0,6fa3244afc6bb6f9fad207b6b52af26b,771,4865-4866-4867-49196-49195-49188-49187-49162-49161-52393-49200-49199-49192-49191-49172-49171-52392-157-156-61-60-53-47-49160-49170-10-0-0-0-0-0-0-0-0-0-0,65281-0-23-13-5-18-16-11-51-45-43-10-21-0-0-0-0-0-0-0-0-0-0-0-0-0,29-23-24-25-0-0,0-0,0
206,60.545187000,10.11.11.179,50273,13.33.255.72,80,6,1564,19106,0,0,0,0,0,[],[],[],[],0
207,60.544494000,10.11.11.179,50274,13.33.255.72,80,6,897,1408,0,0,0,0,0,[],[],[],[],0
208,60.543390000,10.11.11.179,50275,13.33.255.72,80,6,1629,20063,0,0,0,0,0,[],[],[],[],0
209,49.560843000,10.11.11.195,50175,31.13.93.26,443,6,569,3402,0,0,0,10ee8d30a5d01c042afd7b2b205facc4,771,49196-49195-49200-49199-49188-49187-49192-49191-49162-49161-49172-49171-157-156-61-60-53-47-10-0-0-0-0-0-0-0-0-0-0-0-0-0-0-0-0-0,0-5-10-11-13-35-16-23-24-65281-0-0-0-0-0-0-0-0-0-0-0-0-0-0-0-0,29-23-24-0-0-0,0-0,0
210,49.560619000,10.11.11.195,50176,31.13.93.26,443,6,629,3402,0,0,0,10ee8d30a5d01c042afd7b2b205facc4,771,49196-49195-49200-49199-49188-49187-49192-49191-49162-49161-49172-49171-157-156-61-60-53-47-10-0-0-0-0-0-0-0-0-0-0-0-0-0-0-0-0-0,0-5-10-11-13-35-16-23-24-65281-0-0-0-0-0-0-0-0-0-0-0-0-0-0-0-0,29-23-24-0-0-0,0-0,0
211,0.187054000,10.11.11.195,50178,12.133.50.21,80,6,824,1858,0,0,0,0,0,[],[],[],[],0
212,0.228659000,10.11.11.195,50177,12.133.50.21,80,6,1726,28499,0,0,0,0,0,[],[],[],[],0
213,0.182534000,10.11.11.195,50179,12.133.50.21,80,6,827,2199,0,0,0,0,0,[],[],[],[],0
214,0.236273000,10.11.11.179,50276,130.211.47.17,443,6,2308,4249,0,0,0,6fa3244afc6bb6f9fad207b6b52af26b,771,4865-4866-4867-49196-49195-49188-49187-49162-49161-52393-49200-49199-49192-49191-49172-49171-52392-157-156-61-60-53-47-49160-49170-10-0-0-0-0-0-0-0-0-0-0,65281-0-23-13-5-18-16-11-51-45-43-10-21-0-0-0-0-0-0-0-0-0-0-0-0-0,29-23-24-25-0-0,0-0,0
215,0.214127000,10.11.11.179,50277,13.33.255.39,443,6,2368,14982,0,0,0,6fa3244afc6bb6f9fad207b6b52af26b,771,4865-4866-4867-49196-49195-49188-49187-49162-49161-52393-49200-49199-49192-49191-49172-49171-52392-157-156-61-60-53-47-49160-49170-10-0-0-0-0-0-0-0-0-0-0,65281-0-23-13-5-18-16-11-51-45-43-10-21-0-0-0-0-0-0-0-0-0-0-0-0-0,29-23-24-25-0-0,0-0,0
216,0.084477000,10.11.11.179,50278,66.171.225.80,80,6,712,1185,0,0,0,0,0,[],[],[],[],0
217,0.093278000,10.11.11.179,50279,66.171.225.75,80,6,724,2135,0,0,0,0,0,[],[],[],[],0
218,16.746795000,10.11.11.179,50280,172.217.12.33,443,6,6253,98375,0,0,0,6fa3244afc6bb6f9fad207b6b52af26b,771,4865-4866-4867-49196-49195-49188-49187-49162-49161-52393-49200-49199-49192-49191-49172-49171-52392-157-156-61-60-53-47-49160-49170-10-0-0-0-0-0-0-0-0-0-0,65281-0-23-13-5-18-16-11-51-45-43-10-21-0-0-0-0-0-0-0-0-0-0-0-0-0,29-23-24-25-0-0,0-0,0
219,58.024904000,10.11.11.179,50281,172.217.6.162,443,6,14072,173880,0,0,0,6fa3244afc6bb6f9fad207b6b52af26b,771,4865-4866-4867-49196-49195-49188-49187-49162-49161-52393-49200-49199-49192-49191-49172-49171-52392-157-156-61-60-53-47-49160-49170-10-0-0-0-0-0-0-0-0-0-0,65281-0-23-13-5-18-16-11-51-45-43-10-21-0-0-0-0-0-0-0-0-0-0-0-0-0,29-23-24-25-0-0,0-0,0
220,8.343365000,10.11.11.217,62520,172.217.12.36,443,6,4067,3976,0,0,0,4c6514e9635b77704084a7f0a087757f,771,4865-4866-4867-49196-49195-49188-49187-49162-49161-52393-49200-49199-49192-49191-49172-49171-52392-157-156-61-60-53-47-49160-49170-10-0-0-0-0-0-0-0-0-0-0,65281-0-23-13-5-18-16-11-51-45-43-10-41-0-0-0-0-0-0-0-0-0-0-0-0-0,29-23-24-25-0-0,0-0,0
221,18.181797000,10.11.11.195,50180,104.16.252.5,443,6,925,3145,3,0,0,10ee8d30a5d01c042afd7b2b205facc4,771,49196-49195-49200-49199-49188-49187-49192-49191-49162-49161-49172-49171-157-156-61-60-53-47-10-0-0-0-0-0-0-0-0-0-0-0-0-0-0-0-0-0,0-5-10-11-13-35-16-23-24-65281-0-0-0-0-0-0-0-0-0-0-0-0-0-0-0-0,29-23-24-0-0-0,0-0,0
222,18.171797000,10.11.11.195,50181,104.16.252.5,443,6,925,3145,3,0,0,10ee8d30a5d01c042afd7b2b205facc4,771,49196-49195-49200-49199-49188-49187-49192-49191-49162-49161-49172-49171-157-156-61-60-53-47-10-0-0-0-0-0-0-0-0-0-0-0-0-0-0-0-0-0,0-5-10-11-13-35-16-23-24-65281-0-0-0-0-0-0-0-0-0-0-0-0-0-0-0-0,29-23-24-0-0-0,0-0,0
223,0.146240000,10.11.11.179,50282,172.217.6.162,443,6,2440,6499,0,0,0,6fa3244afc6bb6f9fad207b6b52af26b,771,4865-4866-4867-49196-49195-49188-49187-49162-49161-52393-49200-49199-49192-49191-49172-49171-52392-157-156-61-60-53-47-49160-49170-10-0-0-0-0-0-0-0-0-0-0,65281-0-23-13-5-18-16-11-51-45-43-10-21-0-0-0-0-0-0-0-0-0-0-0-0-0,29-23-24-25-0-0,0-0,0
224,97.014477000,10.11.11.195,50183,172.217.9.131,80,6,1101,16269,0,0,0,0,0,[],[],[],[],0
225,97.014885000,10.11.11.195,50182,172.217.9.131,80,6,1097,15539,0,0,0,0,0,[],[],[],[],0
226,97.014650000,10.11.11.195,50184,172.217.9.131,80,6,920,14939,0,0,0,0,0,[],[],[],[],0
227,71.323592000,10.11.11.195,50185,12.133.50.21,80,6,246,120,0,0,0,0,0,[],[],[],[],0
228,0.170932000,10.11.11.195,50186,12.133.50.21,80,6,647,1456,0,0,0,0,0,[],[],[],[],0
229,52.215369000,10.11.11.179,50283,172.217.6.162,80,6,2033,40385,0,0,0,0,0,[],[],[],[],0
230,30.512026000,10.11.11.179,50284,143.204.29.37,80,6,833,2086,0,0,0,0,0,[],[],[],[],0
231,21.037557000,10.11.11.217,62521,35.185.55.255,80,6,9271,131556,0,0,0,0,0,[],[],[],[],0
232,20.468224000,10.11.11.217,62522,35.185.55.255,80,6,3777,37703,0,0,0,0,0,[],[],[],[],0
233,20.459723000,10.11.11.217,62523,35.185.55.255,80,6,3118,19607,0,0,0,0,0,[],[],[],[],0
234,20.463475000,10.11.11.217,62524,35.185.55.255,80,6,3249,18456,0,0,0,0,0,[],[],[],[],0
235,30.523590000,10.11.11.217,62525,172.217.12.42,80,6,1953,36364,0,0,0,0,0,[],[],[],[],0
236,30.520060000,10.11.11.217,62526,172.217.6.170,80,6,891,1691,0,0,0,0,0,[],[],[],[],0
237,31.206632000,10.11.11.217,62527,172.217.6.162,80,6,1143,17059,0,0,0,0,0,[],[],[],[],0
238,65.376103000,10.11.11.217,62528,31.13.93.26,443,6,6197,114726,3,0,0,6fa3244afc6bb6f9fad207b6b52af26b,771,4865-4866-4867-49196-49195-49188-49187-49162-49161-52393-49200-49199-49192-49191-49172-49171-52392-157-156-61-60-53-47-49160-49170-10-0-0-0-0-0-0-0-0-0-0,65281-0-23-13-5-18-16-11-51-45-43-10-21-0-0-0-0-0-0-0-0-0-0-0-0-0,29-23-24-25-0-0,0-0,0
239,31.190686000,10.11.11.217,62529,172.217.9.131,80,6,1810,20255,0,0,0,0,0,[],[],[],[],0
240,0.211093000,10.11.11.217,62530,216.58.194.46,443,6,2583,20285,0,0,0,4c6514e9635b77704084a7f0a087757f,771,4865-4866-4867-49196-49195-49188-49187-49162-49161-52393-49200-49199-49192-49191-49172-49171-52392-157-156-61-60-53-47-49160-49170-10-0-0-0-0-0-0-0-0-0-0,65281-0-23-13-5-18-16-11-51-45-43-10-41-0-0-0-0-0-0-0-0-0-0-0-0-0,29-23-24-25-0-0,0-0,0
241,24.241505000,10.11.11.195,50188,23.203.62.34,443,6,947,3353,3,0,0,28a2c9bd18a11de089ef85a160da29e4,771,49196-49195-49200-49199-49188-49187-49192-49191-49162-49161-49172-49171-157-156-61-60-53-47-10-0-0-0-0-0-0-0-0-0-0-0-0-0-0-0-0-0,0-5-10-11-13-35-16-23-65281-0-0-0-0-0-0-0-0-0-0-0-0-0-0-0-0-0,29-23-24-0-0-0,0-0,0
242,24.241210000,10.11.11.195,50187,23.203.62.34,443,6,806,3297,2,0,0,28a2c9bd18a11de089ef85a160da29e4,771,49196-49195-49200-49199-49188-49187-49192-49191-49162-49161-49172-49171-157-156-61-60-53-47-10-0-0-0-0-0-0-0-0-0-0-0-0-0-0-0-0-0,0-5-10-11-13-35-16-23-65281-0-0-0-0-0-0-0-0-0-0-0-0-0-0-0-0-0,29-23-24-0-0-0,0-0,0
243,0.155571000,10.11.11.217,62531,172.217.6.162,443,6,2500,6589,0,0,0,6fa3244afc6bb6f9fad207b6b52af26b,771,4865-4866-4867-49196-49195-49188-49187-49162-49161-52393-49200-49199-49192-49191-49172-49171-52392-157-156-61-60-53-47-49160-49170-10-0-0-0-0-0-0-0-0-0-0,65281-0-23-13-5-18-16-11-51-45-43-10-21-0-0-0-0-0-0-0-0-0-0-0-0-0,29-23-24-25-0-0,0-0,0
244,22.909344000,10.11.11.217,62532,172.217.2.226,443,6,9747,122522,0,0,0,6fa3244afc6bb6f9fad207b6b52af26b,771,4865-4866-4867-49196-49195-49188-49187-49162-49161-52393-49200-49199-49192-49191-49172-49171-52392-157-156-61-60-53-47-49160-49170-10-0-0-0-0-0-0-0-0-0-0,65281-0-23-13-5-18-16-11-51-45-43-10-21-0-0-0-0-0-0-0-0-0-0-0-0-0,29-23-24-25-0-0,0-0,0
245,44.364048000,10.11.11.179,50285,143.204.31.50,80,6,3338,61117,0,0,0,0,0,[],[],[],[],0
246,44.340887000,10.11.11.179,50286,35.186.255.8,80,6,6197,31188,0,0,0,0,0,[],[],[],[],0
247,44.169588000,10.11.11.179,50287,34.98.72.95,80,6,893,1992,0,0,0,0,0,[],[],[],[],0
248,0.331243000,10.11.11.217,62533,192.0.77.32,443,6,2135,11403,0,0,0,6fa3244afc6bb6f9fad207b6b52af26b,771,4865-4866-4867-49196-49195-49188-49187-49162-49161-52393-49200-49199-49192-49191-49172-49171-52392-157-156-61-60-53-47-49160-49170-10-0-0-0-0-0-0-0-0-0-0,65281-0-23-13-5-18-16-11-51-45-43-10-21-0-0-0-0-0-0-0-0-0-0-0-0-0,29-23-24-25-0-0,0-0,0
249,0.316727000,10.11.11.217,62534,172.217.2.238,443,6,2626,10007,0,0,0,6fa3244afc6bb6f9fad207b6b52af26b,771,4865-4866-4867-49196-49195-49188-49187-49162-49161-52393-49200-49199-49192-49191-49172-49171-52392-157-156-61-60-53-47-49160-49170-10-0-0-0-0-0-0-0-0-0-0,65281-0-23-13-5-18-16-11-51-45-43-10-21-0-0-0-0-0-0-0-0-0-0-0-0-0,29-23-24-25-0-0,0-0,0
250,98.346218000,10.11.11.217,62535,172.217.12.36,443,6,10338,115858,0,0,0,4c6514e9635b77704084a7f0a087757f,771,4865-4866-4867-49196-49195-49188-49187-49162-49161-52393-49200-49199-49192-49191-49172-49171-52392-157-156-61-60-53-47-49160-49170-10-0-0-0-0-0-0-0-0-0-0,65281-0-23-13-5-18-16-11-51-45-43-10-41-0-0-0-0-0-0-0-0-0-0-0-0-0,29-23-24-25-0-0,0-0,0
251,30.322442000,10.11.11.217,62536,172.217.2.238,80,6,3540,61380,0,0,0,0,0,[],[],[],[],0
252,49.645167000,10.11.11.179,50288,35.190.62.200,443,6,7813,8160,0,0,0,6fa3244afc6bb6f9fad207b6b52af26b,771,4865-4866-4867-49196-49195-49188-49187-49162-49161-52393-49200-49199-49192-49191-49172-49171-52392-157-156-61-60-53-47-49160-49170-10-0-0-0-0-0-0-0-0-0-0,65281-0-23-13-5-18-16-11-51-45-43-10-21-0-0-0-0-0-0-0-0-0-0-0-0-0,29-23-24-25-0-0,0-0,0
253,0.236304000,10.11.11.179,50289,143.204.29.3,443,6,3522,39106,0,0,0,6fa3244afc6bb6f9fad207b6b52af26b,771,4865-4866-4867-49196-49195-49188-49187-49162-49161-52393-49200-49199-49192-49191-49172-49171-52392-157-156-61-60-53-47-49160-49170-10-0-0-0-0-0-0-0-0-0-0,65281-0-23-13-5-18-16-11-51-45-43-10-21-0-0-0-0-0-0-0-0-0-0-0-0-0,29-23-24-25-0-0,0-0,0
254,0.141205000,10.11.11.217,62537,172.217.6.138,443,6,2035,5379,0,0,0,6fa3244afc6bb6f9fad207b6b52af26b,771,4865-4866-4867-49196-49195-49188-49187-49162-49161-52393-49200-49199-49192-49191-49172-49171-52392-157-156-61-60-53-47-49160-49170-10-0-0-0-0-0-0-0-0-0-0,65281-0-23-13-5-18-16-11-51-45-43-10-21-0-0-0-0-0-0-0-0-0-0-0-0-0,29-23-24-25-0-0,0-0,0
255,30.254621000,10.11.11.217,62538,172.217.6.142,80,6,1080,355,0,0,0,0,0,[],[],[],[],0
256,4.210470000,10.11.11.217,62539,94.31.29.96,80,6,3608,15671,0,0,0,0,0,[],[],[],[],0
257,4.201568000,10.11.11.217,62540,94.31.29.96,80,6,4690,51325,0,0,0,0,0,[],[],[],[],0
258,4.188616000,10.11.11.217,62541,94.31.29.96,80,6,3200,24059,0,0,0,0,0,[],[],[],[],0
259,4.201346000,10.11.11.217,62542,94.31.29.96,80,6,5174,54039,0,0,0,0,0,[],[],[],[],0
260,0.163881000,10.11.11.217,62543,172.217.9.136,443,6,3451,5623,0,0,0,6fa3244afc6bb6f9fad207b6b52af26b,771,4865-4866-4867-49196-49195-49188-49187-49162-49161-52393-49200-49199-49192-49191-49172-49171-52392-157-156-61-60-53-47-49160-49170-10-0-0-0-0-0-0-0-0-0-0,65281-0-23-13-5-18-16-11-51-45-43-10-21-0-0-0-0-0-0-0-0-0-0-0-0-0,29-23-24-25-0-0,0-0,0
261,0.157814000,10.11.11.217,62544,108.177.103.155,443,6,2624,5217,0,0,0,6fa3244afc6bb6f9fad207b6b52af26b,771,4865-4866-4867-49196-49195-49188-49187-49162-49161-52393-49200-49199-49192-49191-49172-49171-52392-157-156-61-60-53-47-49160-49170-10-0-0-0-0-0-0-0-0-0-0,65281-0-23-13-5-18-16-11-51-45-43-10-21-0-0-0-0-0-0-0-0-0-0-0-0-0,29-23-24-25-0-0,0-0,0
262,36.570228000,10.11.11.179,50290,172.217.1.225,443,6,11793,268847,0,0,0,6fa3244afc6bb6f9fad207b6b52af26b,771,4865-4866-4867-49196-49195-49188-49187-49162-49161-52393-49200-49199-49192-49191-49172-49171-52392-157-156-61-60-53-47-49160-49170-10-0-0-0-0-0-0-0-0-0-0,65281-0-23-13-5-18-16-11-51-45-43-10-21-0-0-0-0-0-0-0-0-0-0-0-0-0,29-23-24-25-0-0,0-0,0
263,60.377756000,10.11.11.179,50291,52.27.110.51,443,6,3446,4753,0,0,0,6fa3244afc6bb6f9fad207b6b52af26b,771,4865-4866-4867-49196-49195-49188-49187-49162-49161-52393-49200-49199-49192-49191-49172-49171-52392-157-156-61-60-53-47-49160-49170-10-0-0-0-0-0-0-0-0-0-0,65281-0-23-13-5-18-16-11-51-45-43-10-21-0-0-0-0-0-0-0-0-0-0-0-0-0,29-23-24-25-0-0,0-0,0
264,2.011405000,10.11.11.203,49196,188.95.248.71,80,6,5474,405135,1,0,0,0,0,[],[],[],[],0
265,30.189856000,10.11.11.217,62545,143.204.26.216,80,6,1668,27298,0,0,0,0,0,[],[],[],[],0
266,0.605432000,10.11.11.217,62546,143.204.26.216,443,6,2903,7761,0,0,0,6fa3244afc6bb6f9fad207b6b52af26b,771,4865-4866-4867-49196-49195-49188-49187-49162-49161-52393-49200-49199-49192-49191-49172-49171-52392-157-156-61-60-53-47-49160-49170-10-0-0-0-0-0-0-0-0-0-0,65281-0-23-13-5-18-16-11-51-45-43-10-21-0-0-0-0-0-0-0-0-0-0-0-0-0,29-23-24-25-0-0,0-0,0
267,30.204451000,10.11.11.217,62547,143.204.26.216,80,6,925,3725,0,0,0,0,0,[],[],[],[],0
268,49.195408000,10.11.11.217,62548,172.217.12.33,443,6,9115,141155,0,0,0,6fa3244afc6bb6f9fad207b6b52af26b,771,4865-4866-4867-49196-49195-49188-49187-49162-49161-52393-49200-49199-49192-49191-49172-49171-52392-157-156-61-60-53-47-49160-49170-10-0-0-0-0-0-0-0-0-0-0,65281-0-23-13-5-18-16-11-51-45-43-10-21-0-0-0-0-0-0-0-0-0-0-0-0-0,29-23-24-25-0-0,0-0,0
269,0.206352000,10.11.11.217,62549,172.217.6.162,443,6,7376,131526,0,0,0,6fa3244afc6bb6f9fad207b6b52af26b,771,4865-4866-4867-49196-49195-49188-49187-49162-49161-52393-49200-49199-49192-49191-49172-49171-52392-157-156-61-60-53-47-49160-49170-10-0-0-0-0-0-0-0-0-0-0,65281-0-23-13-5-18-16-11-51-45-43-10-21-0-0-0-0-0-0-0-0-0-0-0-0-0,29-23-24-25-0-0,0-0,0
270,49.746030000,10.11.11.217,62550,172.217.6.162,443,6,11738,120640,0,0,0,6fa3244afc6bb6f9fad207b6b52af26b,771,4865-4866-4867-49196-49195-49188-49187-49162-49161-52393-49200-49199-49192-49191-49172-49171-52392-157-156-61-60-53-47-49160-49170-10-0-0-0-0-0-0-0-0-0-0,65281-0-23-13-5-18-16-11-51-45-43-10-21-0-0-0-0-0-0-0-0-0-0-0-0-0,29-23-24-25-0-0,0-0,0
271,78.981651000,10.11.11.217,62551,172.217.6.162,443,6,10404,53069,0,0,0,6fa3244afc6bb6f9fad207b6b52af26b,771,4865-4866-4867-49196-49195-49188-49187-49162-49161-52393-49200-49199-49192-49191-49172-49171-52392-157-156-61-60-53-47-49160-49170-10-0-0-0-0-0-0-0-0-0-0,65281-0-23-13-5-18-16-11-51-45-43-10-21-0-0-0-0-0-0-0-0-0-0-0-0-0,29-23-24-25-0-0,0-0,0
272,38.476473000,10.11.11.203,49197,10.11.11.11,135,6,728,562,0,0,0,0,0,[],[],[],[],0
273,38.436784000,10.11.11.203,49198,10.11.11.11,49155,6,885,540,0,0,0,0,0,[],[],[],[],0
274,72.437753000,10.11.11.195,50189,23.203.62.34,443,6,2831,21935,0,0,0,28a2c9bd18a11de089ef85a160da29e4,771,49196-49195-49200-49199-49188-49187-49192-49191-49162-49161-49172-49171-157-156-61-60-53-47-10-0-0-0-0-0-0-0-0-0-0-0-0-0-0-0-0-0,0-5-10-11-13-35-16-23-65281-0-0-0-0-0-0-0-0-0-0-0-0-0-0-0-0-0,29-23-24-0-0-0,0-0,0
275,40.235967000,10.11.11.195,50190,23.203.62.34,443,6,1159,3841,0,0,0,28a2c9bd18a11de089ef85a160da29e4,771,49196-49195-49200-49199-49188-49187-49192-49191-49162-49161-49172-49171-157-156-61-60-53-47-10-0-0-0-0-0-0-0-0-0-0-0-0-0-0-0-0-0,0-5-10-11-13-35-16-23-65281-0-0-0-0-0-0-0-0-0-0-0-0-0-0-0-0-0,29-23-24-0-0-0,0-0,0
276,58.368897000,10.11.11.217,62552,172.217.12.66,443,6,8198,11568,0,0,0,6fa3244afc6bb6f9fad207b6b52af26b,771,4865-4866-4867-49196-49195-49188-49187-49162-49161-52393-49200-49199-49192-49191-49172-49171-52392-157-156-61-60-53-47-49160-49170-10-0-0-0-0-0-0-0-0-0-0,65281-0-23-13-5-18-16-11-51-45-43-10-21-0-0-0-0-0-0-0-0-0-0-0-0-0,29-23-24-25-0-0,0-0,0
277,33.983456000,10.11.11.217,62553,35.211.144.153,443,6,2214,8593,0,0,0,6fa3244afc6bb6f9fad207b6b52af26b,771,4865-4866-4867-49196-49195-49188-49187-49162-49161-52393-49200-49199-49192-49191-49172-49171-52392-157-156-61-60-53-47-49160-49170-10-0-0-0-0-0-0-0-0-0-0,65281-0-23-13-5-18-16-11-51-45-43-10-21-0-0-0-0-0-0-0-0-0-0-0-0-0,29-23-24-25-0-0,0-0,0
278,3.273404000,10.11.11.217,62554,204.74.252.28,443,6,2616,7033,0,0,0,6fa3244afc6bb6f9fad207b6b52af26b,771,4865-4866-4867-49196-49195-49188-49187-49162-49161-52393-49200-49199-49192-49191-49172-49171-52392-157-156-61-60-53-47-49160-49170-10-0-0-0-0-0-0-0-0-0-0,65281-0-23-13-5-18-16-11-51-45-43-10-21-0-0-0-0-0-0-0-0-0-0-0-0-0,29-23-24-25-0-0,0-0,0
279,0.179890000,10.11.11.217,62555,172.217.9.166,443,6,3830,49642,0,0,0,6fa3244afc6bb6f9fad207b6b52af26b,771,4865-4866-4867-49196-49195-49188-49187-49162-49161-52393-49200-49199-49192-49191-49172-49171-52392-157-156-61-60-53-47-49160-49170-10-0-0-0-0-0-0-0-0-0-0,65281-0-23-13-5-18-16-11-51-45-43-10-21-0-0-0-0-0-0-0-0-0-0-0-0-0,29-23-24-25-0-0,0-0,0
280,0.181010000,10.11.11.217,62556,172.217.9.166,443,6,5699,74259,0,0,0,6fa3244afc6bb6f9fad207b6b52af26b,771,4865-4866-4867-49196-49195-49188-49187-49162-49161-52393-49200-49199-49192-49191-49172-49171-52392-157-156-61-60-53-47-49160-49170-10-0-0-0-0-0-0-0-0-0-0,65281-0-23-13-5-18-16-11-51-45-43-10-21-0-0-0-0-0-0-0-0-0-0-0-0-0,29-23-24-25-0-0,0-0,0
281,5.700181000,10.11.11.217,62557,209.15.36.37,443,6,3968,5499,2,0,0,6fa3244afc6bb6f9fad207b6b52af26b,771,4865-4866-4867-49196-49195-49188-49187-49162-49161-52393-49200-49199-49192-49191-49172-49171-52392-157-156-61-60-53-47-49160-49170-10-0-0-0-0-0-0-0-0-0-0,65281-0-23-13-5-18-16-11-51-45-43-10-21-0-0-0-0-0-0-0-0-0-0-0-0-0,29-23-24-25-0-0,0-0,0
282,0.218958000,10.11.11.217,62558,107.178.246.49,443,6,2223,4647,0,0,0,6fa3244afc6bb6f9fad207b6b52af26b,771,4865-4866-4867-49196-49195-49188-49187-49162-49161-52393-49200-49199-49192-49191-49172-49171-52392-157-156-61-60-53-47-49160-49170-10-0-0-0-0-0-0-0-0-0-0,65281-0-23-13-5-18-16-11-51-45-43-10-21-0-0-0-0-0-0-0-0-0-0-0-0-0,29-23-24-25-0-0,0-0,0
283,65.178978000,10.11.11.195,50191,31.13.93.26,443,6,2690,69819,0,0,0,10ee8d30a5d01c042afd7b2b205facc4,771,49196-49195-49200-49199-49188-49187-49192-49191-49162-49161-49172-49171-157-156-61-60-53-47-10-0-0-0-0-0-0-0-0-0-0-0-0-0-0-0-0-0,0-5-10-11-13-35-16-23-24-65281-0-0-0-0-0-0-0-0-0-0-0-0-0-0-0-0,29-23-24-0-0-0,0-0,0
284,0.399007000,10.11.11.217,62560,151.101.50.49,443,6,2809,9417,0,0,0,6fa3244afc6bb6f9fad207b6b52af26b,771,4865-4866-4867-49196-49195-49188-49187-49162-49161-52393-49200-49199-49192-49191-49172-49171-52392-157-156-61-60-53-47-49160-49170-10-0-0-0-0-0-0-0-0-0-0,65281-0-23-13-5-18-16-11-51-45-43-10-21-0-0-0-0-0-0-0-0-0-0-0-0-0,29-23-24-25-0-0,0-0,0
285,30.460270000,10.11.11.217,62561,52.94.232.32,80,6,1426,1469,0,0,0,0,0,[],[],[],[],0
286,115.117092000,10.11.11.200,49198,13.33.255.37,80,6,4627,56003,0,0,0,0,0,[],[],[],[],0
287,132.967965000,10.11.11.200,49200,13.33.255.37,80,6,306,120,1,0,0,0,0,[],[],[],[],0
288,265.057002000,10.11.11.200,49199,13.33.255.37,80,6,306,120,1,0,0,0,0,[],[],[],[],0
289,110.044712000,10.11.11.200,49201,151.101.50.208,443,6,14748,285468,1,0,0,4d7a28d6f2263ed61de88ca66eb011e3,771,60-47-61-53-5-10-49191-49171-49172-49195-49187-49196-49188-49161-49162-64-50-106-56-19-4-0-0-0-0-0-0-0-0-0-0-0-0-0-0-0,65281-0-10-11-13-0-0-0-0-0-0-0-0-0-0-0-0-0-0-0-0-0-0-0-0-0,23-24-0-0-0-0,0-0,1
290,0.371858000,10.11.11.200,49202,151.101.50.208,443,6,4010,63860,1,0,0,4d7a28d6f2263ed61de88ca66eb011e3,771,60-47-61-53-5-10-49191-49171-49172-49195-49187-49196-49188-49161-49162-64-50-106-56-19-4-0-0-0-0-0-0-0-0-0-0-0-0-0-0-0,65281-0-10-11-13-0-0-0-0-0-0-0-0-0-0-0-0-0-0-0-0-0-0-0-0-0,23-24-0-0-0-0,0-0,1
291,110.043695000,10.11.11.200,49203,151.101.50.208,443,6,12904,246463,1,0,0,4d7a28d6f2263ed61de88ca66eb011e3,771,60-47-61-53-5-10-49191-49171-49172-49195-49187-49196-49188-49161-49162-64-50-106-56-19-4-0-0-0-0-0-0-0-0-0-0-0-0-0-0-0,65281-0-10-11-13-0-0-0-0-0-0-0-0-0-0-0-0-0-0-0-0-0-0-0-0-0,23-24-0-0-0-0,0-0,1
292,110.042977000,10.11.11.200,49204,151.101.50.208,443,6,14016,273195,1,0,0,4d7a28d6f2263ed61de88ca66eb011e3,771,60-47-61-53-5-10-49191-49171-49172-49195-49187-49196-49188-49161-49162-64-50-106-56-19-4-0-0-0-0-0-0-0-0-0-0-0-0-0-0-0,65281-0-10-11-13-0-0-0-0-0-0-0-0-0-0-0-0-0-0-0-0-0-0-0-0-0,23-24-0-0-0-0,0-0,1
293,0.396811000,10.11.11.200,49206,151.101.50.208,443,6,5194,90282,1,0,0,4d7a28d6f2263ed61de88ca66eb011e3,771,60-47-61-53-5-10-49191-49171-49172-49195-49187-49196-49188-49161-49162-64-50-106-56-19-4-0-0-0-0-0-0-0-0-0-0-0-0-0-0-0,65281-0-10-11-13-0-0-0-0-0-0-0-0-0-0-0-0-0-0-0-0-0-0-0-0-0,23-24-0-0-0-0,0-0,1
294,0.389121000,10.11.11.200,49205,151.101.50.208,443,6,5554,99812,1,0,0,4d7a28d6f2263ed61de88ca66eb011e3,771,60-47-61-53-5-10-49191-49171-49172-49195-49187-49196-49188-49161-49162-64-50-106-56-19-4-0-0-0-0-0-0-0-0-0-0-0-0-0-0-0,65281-0-10-11-13-0-0-0-0-0-0-0-0-0-0-0-0-0-0-0-0-0-0-0-0-0,23-24-0-0-0-0,0-0,1
295,0.360926000,10.11.11.200,49209,151.101.50.208,443,6,4054,64372,1,0,0,4d7a28d6f2263ed61de88ca66eb011e3,771,60-47-61-53-5-10-49191-49171-49172-49195-49187-49196-49188-49161-49162-64-50-106-56-19-4-0-0-0-0-0-0-0-0-0-0-0-0-0-0-0,65281-0-10-11-13-0-0-0-0-0-0-0-0-0-0-0-0-0-0-0-0-0-0-0-0-0,23-24-0-0-0-0,0-0,1
296,110.032537000,10.11.11.200,49210,151.101.50.208,443,6,16024,319115,1,0,0,4d7a28d6f2263ed61de88ca66eb011e3,771,60-47-61-53-5-10-49191-49171-49172-49195-49187-49196-49188-49161-49162-64-50-106-56-19-4-0-0-0-0-0-0-0-0-0-0-0-0-0-0-0,65281-0-10-11-13-0-0-0-0-0-0-0-0-0-0-0-0-0-0-0-0-0-0-0-0-0,23-24-0-0-0-0,0-0,1
297,110.033486000,10.11.11.200,49211,151.101.50.208,443,6,11028,201082,1,0,0,4d7a28d6f2263ed61de88ca66eb011e3,771,60-47-61-53-5-10-49191-49171-49172-49195-49187-49196-49188-49161-49162-64-50-106-56-19-4-0-0-0-0-0-0-0-0-0-0-0-0-0-0-0,65281-0-10-11-13-0-0-0-0-0-0-0-0-0-0-0-0-0-0-0-0-0-0-0-0-0,23-24-0-0-0-0,0-0,1
298,0.384481000,10.11.11.200,49208,151.101.50.208,443,6,2614,31302,1,0,0,4d7a28d6f2263ed61de88ca66eb011e3,771,60-47-61-53-5-10-49191-49171-49172-49195-49187-49196-49188-49161-49162-64-50-106-56-19-4-0-0-0-0-0-0-0-0-0-0-0-0-0-0-0,65281-0-10-11-13-0-0-0-0-0-0-0-0-0-0-0-0-0-0-0-0-0-0-0-0-0,23-24-0-0-0-0,0-0,1
299,110.033482000,10.11.11.200,49212,151.101.50.208,443,6,17754,356070,1,0,0,4d7a28d6f2263ed61de88ca66eb011e3,771,60-47-61-53-5-10-49191-49171-49172-49195-49187-49196-49188-49161-49162-64-50-106-56-19-4-0-0-0-0-0-0-0-0-0-0-0-0-0-0-0,65281-0-10-11-13-0-0-0-0-0-0-0-0-0-0-0-0-0-0-0-0-0-0-0-0-0,23-24-0-0-0-0,0-0,1
300,0.378875000,10.11.11.200,49207,151.101.50.208,443,6,4578,77487,1,0,0,4d7a28d6f2263ed61de88ca66eb011e3,771,60-47-61-53-5-10-49191-49171-49172-49195-49187-49196-49188-49161-49162-64-50-106-56-19-4-0-0-0-0-0-0-0-0-0-0-0-0-0-0-0,65281-0-10-11-13-0-0-0-0-0-0-0-0-0-0-0-0-0-0-0-0-0-0-0-0-0,23-24-0-0-0-0,0-0,1
301,30.502049000,10.11.11.217,62563,104.100.226.86,80,6,794,3118,0,0,0,0,0,[],[],[],[],0
302,105.962086000,10.11.11.200,49213,104.19.199.151,443,6,942,4006,1,0,0,4d7a28d6f2263ed61de88ca66eb011e3,771,60-47-61-53-5-10-49191-49171-49172-49195-49187-49196-49188-49161-49162-64-50-106-56-19-4-0-0-0-0-0-0-0-0-0-0-0-0-0-0-0,65281-0-10-11-13-0-0-0-0-0-0-0-0-0-0-0-0-0-0-0-0-0-0-0-0-0,23-24-0-0-0-0,0-0,1
303,105.989742000,10.11.11.200,49214,104.19.199.151,443,6,1840,10499,0,0,0,4d7a28d6f2263ed61de88ca66eb011e3,771,60-47-61-53-5-10-49191-49171-49172-49195-49187-49196-49188-49161-49162-64-50-106-56-19-4-0-0-0-0-0-0-0-0-0-0-0-0-0-0-0,65281-0-10-11-13-0-0-0-0-0-0-0-0-0-0-0-0-0-0-0-0-0-0-0-0-0,23-24-0-0-0-0,0-0,1
304,101.938739000,10.11.11.200,49215,13.33.252.19,80,6,3136,44531,0,0,0,0,0,[],[],[],[],0
305,101.930982000,10.11.11.200,49216,13.33.252.19,80,6,246,336,1,0,0,0,0,[],[],[],[],0
306,93.837884000,10.11.11.200,49217,13.33.255.31,80,6,1338,1276,0,0,0,0,0,[],[],[],[],0
307,112.693172000,10.11.11.200,49218,13.33.255.31,80,6,306,120,1,0,0,0,0,[],[],[],[],0
308,93.724765000,10.11.11.200,49219,13.33.255.31,443,6,2146,7589,0,0,0,4d7a28d6f2263ed61de88ca66eb011e3,771,60-47-61-53-5-10-49191-49171-49172-49195-49187-49196-49188-49161-49162-64-50-106-56-19-4-0-0-0-0-0-0-0-0-0-0-0-0-0-0-0,65281-0-10-11-13-0-0-0-0-0-0-0-0-0-0-0-0-0-0-0-0-0-0-0-0-0,23-24-0-0-0-0,0-0,1
309,9.026711000,10.11.11.203,49199,138.201.6.195,443,6,194,0,0,0,0,0,0,[],[],[],[],0
310,31.681828000,10.11.11.217,62564,23.204.246.46,80,6,3976,21072,0,0,0,0,0,[],[],[],[],0
311,30.163557000,10.11.11.217,62565,172.217.6.162,80,6,2308,40385,0,0,0,0,0,[],[],[],[],0
312,31.132930000,10.11.11.217,62566,23.204.246.46,80,6,1853,1961,0,0,0,0,0,[],[],[],[],0
313,31.124632000,10.11.11.217,62567,23.204.246.46,80,6,1854,1825,0,0,0,0,0,[],[],[],[],0
314,31.132519000,10.11.11.217,62568,23.204.246.46,80,6,2646,2807,0,0,0,0,0,[],[],[],[],0
315,59.496188000,10.11.11.217,62569,23.204.246.46,443,6,5399,11811,0,0,0,6fa3244afc6bb6f9fad207b6b52af26b,771,4865-4866-4867-49196-49195-49188-49187-49162-49161-52393-49200-49199-49192-49191-49172-49171-52392-157-156-61-60-53-47-49160-49170-10-0-0-0-0-0-0-0-0-0-0,65281-0-23-13-5-18-16-11-51-45-43-10-21-0-0-0-0-0-0-0-0-0-0-0-0-0,29-23-24-25-0-0,0-0,0
316,85.745296000,10.11.11.200,49220,52.8.143.229,443,6,2579,7713,1,0,0,4d7a28d6f2263ed61de88ca66eb011e3,771,60-47-61-53-5-10-49191-49171-49172-49195-49187-49196-49188-49161-49162-64-50-106-56-19-4-0-0-0-0-0-0-0-0-0-0-0-0-0-0-0,65281-0-10-11-13-0-0-0-0-0-0-0-0-0-0-0-0-0-0-0-0-0-0-0-0-0,23-24-0-0-0-0,0-0,1
317,85.745359000,10.11.11.200,49221,52.8.143.229,443,6,3162,8380,1,0,0,4d7a28d6f2263ed61de88ca66eb011e3,771,60-47-61-53-5-10-49191-49171-49172-49195-49187-49196-49188-49161-49162-64-50-106-56-19-4-0-0-0-0-0-0-0-0-0-0-0-0-0-0-0,65281-0-10-11-13-0-0-0-0-0-0-0-0-0-0-0-0-0-0-0-0-0-0-0-0-0,23-24-0-0-0-0,0-0,1
318,0.282926000,10.11.11.217,62570,35.244.140.139,443,6,2796,4856,0,0,0,6fa3244afc6bb6f9fad207b6b52af26b,771,4865-4866-4867-49196-49195-49188-49187-49162-49161-52393-49200-49199-49192-49191-49172-49171-52392-157-156-61-60-53-47-49160-49170-10-0-0-0-0-0-0-0-0-0-0,65281-0-23-13-5-18-16-11-51-45-43-10-21-0-0-0-0-0-0-0-0-0-0-0-0-0,29-23-24-25-0-0,0-0,0
319,85.457808000,10.11.11.200,49222,172.217.1.136,443,6,7015,112184,0,0,0,4d7a28d6f2263ed61de88ca66eb011e3,771,60-47-61-53-5-10-49191-49171-49172-49195-49187-49196-49188-49161-49162-64-50-106-56-19-4-0-0-0-0-0-0-0-0-0-0-0-0-0-0-0,65281-0-10-11-13-0-0-0-0-0-0-0-0-0-0-0-0-0-0-0-0-0-0-0-0-0,23-24-0-0-0-0,0-0,1
320,85.457238000,10.11.11.200,49223,172.217.1.136,443,6,2765,35883,0,0,0,4d7a28d6f2263ed61de88ca66eb011e3,771,60-47-61-53-5-10-49191-49171-49172-49195-49187-49196-49188-49161-49162-64-50-106-56-19-4-0-0-0-0-0-0-0-0-0-0-0-0-0-0-0,65281-0-10-11-13-0-0-0-0-0-0-0-0-0-0-0-0-0-0-0-0-0-0-0-0-0,23-24-0-0-0-0,0-0,1
321,85.197851000,10.11.11.200,49224,216.58.194.46,443,6,910,3710,0,0,0,4d7a28d6f2263ed61de88ca66eb011e3,771,60-47-61-53-5-10-49191-49171-49172-49195-49187-49196-49188-49161-49162-64-50-106-56-19-4-0-0-0-0-0-0-0-0-0-0-0-0-0-0-0,65281-0-10-11-13-0-0-0-0-0-0-0-0-0-0-0-0-0-0-0-0-0-0-0-0-0,23-24-0-0-0-0,0-0,1
322,85.198569000,10.11.11.200,49225,216.58.194.46,443,6,3863,26388,0,0,0,4d7a28d6f2263ed61de88ca66eb011e3,771,60-47-61-53-5-10-49191-49171-49172-49195-49187-49196-49188-49161-49162-64-50-106-56-19-4-0-0-0-0-0-0-0-0-0-0-0-0-0-0-0,65281-0-10-11-13-0-0-0-0-0-0-0-0-0-0-0-0-0-0-0-0-0-0-0-0-0,23-24-0-0-0-0,0-0,1
323,85.187002000,10.11.11.200,49226,172.217.9.134,80,6,246,120,0,0,0,0,0,[],[],[],[],0
324,85.186995000,10.11.11.200,49227,172.217.9.134,80,6,920,1275,0,0,0,0,0,[],[],[],[],0
325,85.171552000,10.11.11.200,49228,172.217.1.136,443,6,687,449,0,0,0,4d7a28d6f2263ed61de88ca66eb011e3,771,60-47-61-53-5-10-49191-49171-49172-49195-49187-49196-49188-49161-49162-64-50-106-56-19-4-0-0-0-0-0-0-0-0-0-0-0-0-0-0-0,65281-0-10-11-13-0-0-0-0-0-0-0-0-0-0-0-0-0-0-0-0-0-0-0-0-0,23-24-0-0-0-0,0-0,1
326,85.162530000,10.11.11.200,49229,104.18.74.113,443,6,6745,87415,0,0,0,4d7a28d6f2263ed61de88ca66eb011e3,771,60-47-61-53-5-10-49191-49171-49172-49195-49187-49196-49188-49161-49162-64-50-106-56-19-4-0-0-0-0-0-0-0-0-0-0-0-0-0-0-0,65281-0-10-11-13-0-0-0-0-0-0-0-0-0-0-0-0-0-0-0-0-0-0-0-0-0,23-24-0-0-0-0,0-0,1
327,85.162528000,10.11.11.200,49230,104.18.74.113,443,6,26013,563329,0,0,0,4d7a28d6f2263ed61de88ca66eb011e3,771,60-47-61-53-5-10-49191-49171-49172-49195-49187-49196-49188-49161-49162-64-50-106-56-19-4-0-0-0-0-0-0-0-0-0-0-0-0-0-0-0,65281-0-10-11-13-0-0-0-0-0-0-0-0-0-0-0-0-0-0-0-0-0-0-0-0-0,23-24-0-0-0-0,0-0,1
328,85.080598000,10.11.11.200,49231,172.217.6.162,443,6,882,4191,0,0,0,4d7a28d6f2263ed61de88ca66eb011e3,771,60-47-61-53-5-10-49191-49171-49172-49195-49187-49196-49188-49161-49162-64-50-106-56-19-4-0-0-0-0-0-0-0-0-0-0-0-0-0-0-0,65281-0-10-11-13-0-0-0-0-0-0-0-0-0-0-0-0-0-0-0-0-0-0-0-0-0,23-24-0-0-0-0,0-0,1
329,85.080394000,10.11.11.200,49232,172.217.6.162,443,6,1733,5513,0,0,0,4d7a28d6f2263ed61de88ca66eb011e3,771,60-47-61-53-5-10-49191-49171-49172-49195-49187-49196-49188-49161-49162-64-50-106-56-19-4-0-0-0-0-0-0-0-0-0-0-0-0-0-0-0,65281-0-10-11-13-0-0-0-0-0-0-0-0-0-0-0-0-0-0-0-0-0-0-0-0-0,23-24-0-0-0-0,0-0,1
330,84.980630000,10.11.11.200,49233,108.177.103.157,443,6,825,3245,0,0,0,4d7a28d6f2263ed61de88ca66eb011e3,771,60-47-61-53-5-10-49191-49171-49172-49195-49187-49196-49188-49161-49162-64-50-106-56-19-4-0-0-0-0-0-0-0-0-0-0-0-0-0-0-0,65281-0-10-11-13-0-0-0-0-0-0-0-0-0-0-0-0-0-0-0-0-0-0-0-0-0,23-24-0-0-0-0,0-0,1
331,84.980627000,10.11.11.200,49234,108.177.103.157,443,6,1540,4477,0,0,0,4d7a28d6f2263ed61de88ca66eb011e3,771,60-47-61-53-5-10-49191-49171-49172-49195-49187-49196-49188-49161-49162-64-50-106-56-19-4-0-0-0-0-0-0-0-0-0-0-0-0-0-0-0,65281-0-10-11-13-0-0-0-0-0-0-0-0-0-0-0-0-0-0-0-0-0-0-0-0-0,23-24-0-0-0-0,0-0,1
332,84.926572000,10.11.11.200,49235,172.217.9.134,443,6,1952,5859,0,0,0,4d7a28d6f2263ed61de88ca66eb011e3,771,60-47-61-53-5-10-49191-49171-49172-49195-49187-49196-49188-49161-49162-64-50-106-56-19-4-0-0-0-0-0-0-0-0-0-0-0-0-0-0-0,65281-0-10-11-13-0-0-0-0-0-0-0-0-0-0-0-0-0-0-0-0-0-0-0-0-0,23-24-0-0-0-0,0-0,1
333,84.802994000,10.11.11.200,49236,172.217.12.36,443,6,1823,3820,0,0,0,4d7a28d6f2263ed61de88ca66eb011e3,771,60-47-61-53-5-10-49191-49171-49172-49195-49187-49196-49188-49161-49162-64-50-106-56-19-4-0-0-0-0-0-0-0-0-0-0-0-0-0-0-0,65281-0-10-11-13-0-0-0-0-0-0-0-0-0-0-0-0-0-0-0-0-0-0-0-0-0,23-24-0-0-0-0,0-0,1
334,84.802994000,10.11.11.200,49237,172.217.12.36,443,6,4007,5440,0,0,0,4d7a28d6f2263ed61de88ca66eb011e3,771,60-47-61-53-5-10-49191-49171-49172-49195-49187-49196-49188-49161-49162-64-50-106-56-19-4-0-0-0-0-0-0-0-0-0-0-0-0-0-0-0,65281-0-10-11-13-0-0-0-0-0-0-0-0-0-0-0-0-0-0-0-0-0-0-0-0-0,23-24-0-0-0-0,0-0,1
335,81.644046000,10.11.11.200,49238,23.2.175.193,443,6,1502,5361,1,0,0,4d7a28d6f2263ed61de88ca66eb011e3,771,60-47-61-53-5-10-49191-49171-49172-49195-49187-49196-49188-49161-49162-64-50-106-56-19-4-0-0-0-0-0-0-0-0-0-0-0-0-0-0-0,65281-0-10-11-13-0-0-0-0-0-0-0-0-0-0-0-0-0-0-0-0-0-0-0-0-0,23-24-0-0-0-0,0-0,1
336,81.644046000,10.11.11.200,49239,23.2.175.193,443,6,1562,5360,1,0,0,4d7a28d6f2263ed61de88ca66eb011e3,771,60-47-61-53-5-10-49191-49171-49172-49195-49187-49196-49188-49161-49162-64-50-106-56-19-4-0-0-0-0-0-0-0-0-0-0-0-0-0-0-0,65281-0-10-11-13-0-0-0-0-0-0-0-0-0-0-0-0-0-0-0-0-0-0-0-0-0,23-24-0-0-0-0,0-0,1
337,81.665279000,10.11.11.200,49240,54.204.11.255,443,6,1650,4542,1,0,0,4d7a28d6f2263ed61de88ca66eb011e3,771,60-47-61-53-5-10-49191-49171-49172-49195-49187-49196-49188-49161-49162-64-50-106-56-19-4-0-0-0-0-0-0-0-0-0-0-0-0-0-0-0,65281-0-10-11-13-0-0-0-0-0-0-0-0-0-0-0-0-0-0-0-0-0-0-0-0-0,23-24-0-0-0-0,0-0,1
338,81.660598000,10.11.11.200,49241,52.86.104.177,80,6,246,174,0,0,0,0,0,[],[],[],[],0
339,81.662370000,10.11.11.200,49243,54.204.11.255,443,6,1035,3987,1,0,0,4d7a28d6f2263ed61de88ca66eb011e3,771,60-47-61-53-5-10-49191-49171-49172-49195-49187-49196-49188-49161-49162-64-50-106-56-19-4-0-0-0-0-0-0-0-0-0-0-0-0-0-0-0,65281-0-10-11-13-0-0-0-0-0-0-0-0-0-0-0-0-0-0-0-0-0-0-0-0-0,23-24-0-0-0-0,0-0,1
340,81.663837000,10.11.11.200,49244,13.33.255.110,443,6,1960,15334,0,0,0,4d7a28d6f2263ed61de88ca66eb011e3,771,60-47-61-53-5-10-49191-49171-49172-49195-49187-49196-49188-49161-49162-64-50-106-56-19-4-0-0-0-0-0-0-0-0-0-0-0-0-0-0-0,65281-0-10-11-13-0-0-0-0-0-0-0-0-0-0-0-0-0-0-0-0-0-0-0-0-0,23-24-0-0-0-0,0-0,1
341,81.661446000,10.11.11.200,49242,52.86.104.177,80,6,765,1152,0,0,0,0,0,[],[],[],[],0
342,81.651825000,10.11.11.200,49245,13.33.255.110,443,6,1093,5949,1,0,0,4d7a28d6f2263ed61de88ca66eb011e3,771,60-47-61-53-5-10-49191-49171-49172-49195-49187-49196-49188-49161-49162-64-50-106-56-19-4-0-0-0-0-0-0-0-0-0-0-0-0-0-0-0,65281-0-10-11-13-0-0-0-0-0-0-0-0-0-0-0-0-0-0-0-0-0-0-0-0-0,23-24-0-0-0-0,0-0,1
343,81.637757000,10.11.11.200,49246,172.217.12.66,443,6,2085,15376,0,0,0,4d7a28d6f2263ed61de88ca66eb011e3,771,60-47-61-53-5-10-49191-49171-49172-49195-49187-49196-49188-49161-49162-64-50-106-56-19-4-0-0-0-0-0-0-0-0-0-0-0-0-0-0-0,65281-0-10-11-13-0-0-0-0-0-0-0-0-0-0-0-0-0-0-0-0-0-0-0-0-0,23-24-0-0-0-0,0-0,1
344,81.637539000,10.11.11.200,49247,172.217.12.66,443,6,1925,15392,0,0,0,4d7a28d6f2263ed61de88ca66eb011e3,771,60-47-61-53-5-10-49191-49171-49172-49195-49187-49196-49188-49161-49162-64-50-106-56-19-4-0-0-0-0-0-0-0-0-0-0-0-0-0-0-0,65281-0-10-11-13-0-0-0-0-0-0-0-0-0-0-0-0-0-0-0-0-0-0-0-0-0,23-24-0-0-0-0,0-0,1
345,81.635952000,10.11.11.200,49248,104.254.149.101,443,6,878,3062,2,0,0,4d7a28d6f2263ed61de88ca66eb011e3,771,60-47-61-53-5-10-49191-49171-49172-49195-49187-49196-49188-49161-49162-64-50-106-56-19-4-0-0-0-0-0-0-0-0-0-0-0-0-0-0-0,65281-0-10-11-13-0-0-0-0-0-0-0-0-0-0-0-0-0-0-0-0-0-0-0-0-0,23-24-0-0-0-0,0-0,1
346,81.633173000,10.11.11.200,49249,104.254.149.101,443,6,2269,5535,2,0,0,4d7a28d6f2263ed61de88ca66eb011e3,771,60-47-61-53-5-10-49191-49171-49172-49195-49187-49196-49188-49161-49162-64-50-106-56-19-4-0-0-0-0-0-0-0-0-0-0-0-0-0-0-0,65281-0-10-11-13-0-0-0-0-0-0-0-0-0-0-0-0-0-0-0-0-0-0-0-0-0,23-24-0-0-0-0,0-0,1
347,81.543003000,10.11.11.200,49250,216.239.32.21,443,6,4838,82062,0,0,0,4d7a28d6f2263ed61de88ca66eb011e3,771,60-47-61-53-5-10-49191-49171-49172-49195-49187-49196-49188-49161-49162-64-50-106-56-19-4-0-0-0-0-0-0-0-0-0-0-0-0-0-0-0,65281-0-10-11-13-0-0-0-0-0-0-0-0-0-0-0-0-0-0-0-0-0-0-0-0-0,23-24-0-0-0-0,0-0,1
348,81.542763000,10.11.11.200,49251,216.239.32.21,443,6,1019,6542,0,0,0,4d7a28d6f2263ed61de88ca66eb011e3,771,60-47-61-53-5-10-49191-49171-49172-49195-49187-49196-49188-49161-49162-64-50-106-56-19-4-0-0-0-0-0-0-0-0-0-0-0-0-0-0-0,65281-0-10-11-13-0-0-0-0-0-0-0-0-0-0-0-0-0-0-0-0-0-0-0-0-0,23-24-0-0-0-0,0-0,1
349,13.979151000,10.11.11.217,62571,104.254.149.69,443,6,4797,8214,2,0,0,6fa3244afc6bb6f9fad207b6b52af26b,771,4865-4866-4867-49196-49195-49188-49187-49162-49161-52393-49200-49199-49192-49191-49172-49171-52392-157-156-61-60-53-47-49160-49170-10-0-0-0-0-0-0-0-0-0-0,65281-0-23-13-5-18-16-11-51-45-43-10-21-0-0-0-0-0-0-0-0-0-0-0-0-0,29-23-24-25-0-0,0-0,0
350,81.464683000,10.11.11.200,49252,172.217.6.162,443,6,3803,8343,0,0,0,4d7a28d6f2263ed61de88ca66eb011e3,771,60-47-61-53-5-10-49191-49171-49172-49195-49187-49196-49188-49161-49162-64-50-106-56-19-4-0-0-0-0-0-0-0-0-0-0-0-0-0-0-0,65281-0-10-11-13-0-0-0-0-0-0-0-0-0-0-0-0-0-0-0-0-0-0-0-0-0,23-24-0-0-0-0,0-0,1
351,81.466241000,10.11.11.200,49253,172.217.6.162,443,6,2036,5763,0,0,0,4d7a28d6f2263ed61de88ca66eb011e3,771,60-47-61-53-5-10-49191-49171-49172-49195-49187-49196-49188-49161-49162-64-50-106-56-19-4-0-0-0-0-0-0-0-0-0-0-0-0-0-0-0,65281-0-10-11-13-0-0-0-0-0-0-0-0-0-0-0-0-0-0-0-0-0-0-0-0-0,23-24-0-0-0-0,0-0,1
352,81.365239000,10.11.11.200,49254,172.217.6.162,443,6,666,425,0,0,0,4d7a28d6f2263ed61de88ca66eb011e3,771,60-47-61-53-5-10-49191-49171-49172-49195-49187-49196-49188-49161-49162-64-50-106-56-19-4-0-0-0-0-0-0-0-0-0-0-0-0-0-0-0,65281-0-10-11-13-0-0-0-0-0-0-0-0-0-0-0-0-0-0-0-0-0-0-0-0-0,23-24-0-0-0-0,0-0,1
353,81.287841000,10.11.11.200,49255,104.18.70.113,443,6,2268,8378,0,0,0,4d7a28d6f2263ed61de88ca66eb011e3,771,60-47-61-53-5-10-49191-49171-49172-49195-49187-49196-49188-49161-49162-64-50-106-56-19-4-0-0-0-0-0-0-0-0-0-0-0-0-0-0-0,65281-0-10-11-13-0-0-0-0-0-0-0-0-0-0-0-0-0-0-0-0-0-0-0-0-0,23-24-0-0-0-0,0-0,1
354,81.249804000,10.11.11.200,49256,104.18.70.113,443,6,1082,5709,1,0,0,4d7a28d6f2263ed61de88ca66eb011e3,771,60-47-61-53-5-10-49191-49171-49172-49195-49187-49196-49188-49161-49162-64-50-106-56-19-4-0-0-0-0-0-0-0-0-0-0-0-0-0-0-0,65281-0-10-11-13-0-0-0-0-0-0-0-0-0-0-0-0-0-0-0-0-0-0-0-0-0,23-24-0-0-0-0,0-0,1
355,81.246124000,10.11.11.200,49257,172.217.12.36,443,6,653,641,1,0,0,4d7a28d6f2263ed61de88ca66eb011e3,771,60-47-61-53-5-10-49191-49171-49172-49195-49187-49196-49188-49161-49162-64-50-106-56-19-4-0-0-0-0-0-0-0-0-0-0-0-0-0-0-0,65281-0-10-11-13-0-0-0-0-0-0-0-0-0-0-0-0-0-0-0-0-0-0-0-0-0,23-24-0-0-0-0,0-0,1
356,80.956254000,10.11.11.200,49258,104.18.74.113,443,6,1117,5709,1,0,0,4d7a28d6f2263ed61de88ca66eb011e3,771,60-47-61-53-5-10-49191-49171-49172-49195-49187-49196-49188-49161-49162-64-50-106-56-19-4-0-0-0-0-0-0-0-0-0-0-0-0-0-0-0,65281-0-10-11-13-0-0-0-0-0-0-0-0-0-0-0-0-0-0-0-0-0-0-0-0-0,23-24-0-0-0-0,0-0,1
357,80.955751000,10.11.11.200,49259,104.18.74.113,443,6,1117,5709,1,0,0,4d7a28d6f2263ed61de88ca66eb011e3,771,60-47-61-53-5-10-49191-49171-49172-49195-49187-49196-49188-49161-49162-64-50-106-56-19-4-0-0-0-0-0-0-0-0-0-0-0-0-0-0-0,65281-0-10-11-13-0-0-0-0-0-0-0-0-0-0-0-0-0-0-0-0-0-0-0-0-0,23-24-0-0-0-0,0-0,1
358,80.351291000,10.11.11.200,49260,104.16.51.111,443,6,2183,8899,0,0,0,4d7a28d6f2263ed61de88ca66eb011e3,771,60-47-61-53-5-10-49191-49171-49172-49195-49187-49196-49188-49161-49162-64-50-106-56-19-4-0-0-0-0-0-0-0-0-0-0-0-0-0-0-0,65281-0-10-11-13-0-0-0-0-0-0-0-0-0-0-0-0-0-0-0-0-0-0-0-0-0,23-24-0-0-0-0,0-0,1
359,80.351292000,10.11.11.200,49261,104.16.51.111,443,6,2428,3670,0,0,0,4d7a28d6f2263ed61de88ca66eb011e3,771,60-47-61-53-5-10-49191-49171-49172-49195-49187-49196-49188-49161-49162-64-50-106-56-19-4-0-0-0-0-0-0-0-0-0-0-0-0-0-0-0,65281-0-10-11-13-0-0-0-0-0-0-0-0-0-0-0-0-0-0-0-0-0-0-0-0-0,23-24-0-0-0-0,0-0,1
360,10.297488000,10.11.11.217,62572,104.254.149.69,443,6,1906,1798,2,0,0,6fa3244afc6bb6f9fad207b6b52af26b,771,4865-4866-4867-49196-49195-49188-49187-49162-49161-52393-49200-49199-49192-49191-49172-49171-52392-157-156-61-60-53-47-49160-49170-10-0-0-0-0-0-0-0-0-0-0,65281-0-23-13-5-18-16-11-51-45-43-10-21-0-0-0-0-0-0-0-0-0-0-0-0-0,29-23-24-25-0-0,0-0,0
361,77.581014000,10.11.11.200,49262,89.187.164.66,80,6,246,174,1,0,0,0,0,[],[],[],[],0
362,77.586782000,10.11.11.200,49263,89.187.164.66,80,6,764,2283,0,0,0,0,0,[],[],[],[],0
363,77.616949000,10.11.11.200,49264,209.15.36.23,443,6,1614,4435,2,0,0,4d7a28d6f2263ed61de88ca66eb011e3,771,60-47-61-53-5-10-49191-49171-49172-49195-49187-49196-49188-49161-49162-64-50-106-56-19-4-0-0-0-0-0-0-0-0-0-0-0-0-0-0-0,65281-0-10-11-13-0-0-0-0-0-0-0-0-0-0-0-0-0-0-0-0-0-0-0-0-0,23-24-0-0-0-0,0-0,1
364,77.616174000,10.11.11.200,49265,209.15.36.23,443,6,1750,4451,2,0,0,4d7a28d6f2263ed61de88ca66eb011e3,771,60-47-61-53-5-10-49191-49171-49172-49195-49187-49196-49188-49161-49162-64-50-106-56-19-4-0-0-0-0-0-0-0-0-0-0-0-0-0-0-0,65281-0-10-11-13-0-0-0-0-0-0-0-0-0-0-0-0-0-0-0-0-0-0-0-0-0,23-24-0-0-0-0,0-0,1
365,77.586520000,10.11.11.200,49266,108.177.10.157,443,6,1570,3935,0,0,0,4d7a28d6f2263ed61de88ca66eb011e3,771,60-47-61-53-5-10-49191-49171-49172-49195-49187-49196-49188-49161-49162-64-50-106-56-19-4-0-0-0-0-0-0-0-0-0-0-0-0-0-0-0,65281-0-10-11-13-0-0-0-0-0-0-0-0-0-0-0-0-0-0-0-0-0-0-0-0-0,23-24-0-0-0-0,0-0,1
366,77.586726000,10.11.11.200,49267,108.177.10.157,443,6,823,3246,0,0,0,4d7a28d6f2263ed61de88ca66eb011e3,771,60-47-61-53-5-10-49191-49171-49172-49195-49187-49196-49188-49161-49162-64-50-106-56-19-4-0-0-0-0-0-0-0-0-0-0-0-0-0-0-0,65281-0-10-11-13-0-0-0-0-0-0-0-0-0-0-0-0-0-0-0-0-0-0-0-0-0,23-24-0-0-0-0,0-0,1
367,77.549431000,10.11.11.200,49268,34.198.217.170,443,6,1645,6367,1,0,0,4d7a28d6f2263ed61de88ca66eb011e3,771,60-47-61-53-5-10-49191-49171-49172-49195-49187-49196-49188-49161-49162-64-50-106-56-19-4-0-0-0-0-0-0-0-0-0-0-0-0-0-0-0,65281-0-10-11-13-0-0-0-0-0-0-0-0-0-0-0-0-0-0-0-0-0-0-0-0-0,23-24-0-0-0-0,0-0,1
368,77.551295000,10.11.11.200,49269,34.198.217.170,443,6,986,5828,1,0,0,4d7a28d6f2263ed61de88ca66eb011e3,771,60-47-61-53-5-10-49191-49171-49172-49195-49187-49196-49188-49161-49162-64-50-106-56-19-4-0-0-0-0-0-0-0-0-0-0-0-0-0-0-0,65281-0-10-11-13-0-0-0-0-0-0-0-0-0-0-0-0-0-0-0-0-0-0-0-0-0,23-24-0-0-0-0,0-0,1
369,77.304481000,10.11.11.200,49270,209.15.36.23,443,6,2447,4881,2,0,0,4d7a28d6f2263ed61de88ca66eb011e3,771,60-47-61-53-5-10-49191-49171-49172-49195-49187-49196-49188-49161-49162-64-50-106-56-19-4-0-0-0-0-0-0-0-0-0-0-0-0-0-0-0,65281-0-10-11-13-0-0-0-0-0-0-0-0-0-0-0-0-0-0-0-0-0-0-0-0-0,23-24-0-0-0-0,0-0,1
370,77.289944000,10.11.11.200,49271,209.15.36.23,443,6,2479,4897,2,0,0,4d7a28d6f2263ed61de88ca66eb011e3,771,60-47-61-53-5-10-49191-49171-49172-49195-49187-49196-49188-49161-49162-64-50-106-56-19-4-0-0-0-0-0-0-0-0-0-0-0-0-0-0-0,65281-0-10-11-13-0-0-0-0-0-0-0-0-0-0-0-0-0-0-0-0-0-0-0-0-0,23-24-0-0-0-0,0-0,1
371,783.129365000,10.11.11.200,49272,52.36.13.119,443,6,12799,21818,0,0,0,4d7a28d6f2263ed61de88ca66eb011e3,771,60-47-61-53-5-10-49191-49171-49172-49195-49187-49196-49188-49161-49162-64-50-106-56-19-4-0-0-0-0-0-0-0-0-0-0-0-0-0-0-0,65281-0-10-11-13-0-0-0-0-0-0-0-0-0-0-0-0-0-0-0-0-0-0-0-0-0,23-24-0-0-0-0,0-0,1
372,73.533250000,10.11.11.200,49273,35.186.194.58,443,6,2144,6979,0,0,0,4d7a28d6f2263ed61de88ca66eb011e3,771,60-47-61-53-5-10-49191-49171-49172-49195-49187-49196-49188-49161-49162-64-50-106-56-19-4-0-0-0-0-0-0-0-0-0-0-0-0-0-0-0,65281-0-10-11-13-0-0-0-0-0-0-0-0-0-0-0-0-0-0-0-0-0-0-0-0-0,23-24-0-0-0-0,0-0,1
373,3.929577000,10.11.11.217,62573,23.2.165.139,443,6,1765,4523,0,0,0,6fa3244afc6bb6f9fad207b6b52af26b,771,4865-4866-4867-49196-49195-49188-49187-49162-49161-52393-49200-49199-49192-49191-49172-49171-52392-157-156-61-60-53-47-49160-49170-10-0-0-0-0-0-0-0-0-0-0,65281-0-23-13-5-18-16-11-51-45-43-10-21-0-0-0-0-0-0-0-0-0-0-0-0-0,29-23-24-25-0-0,0-0,0
374,63.300959000,10.11.11.200,49274,98.138.71.149,80,6,126,120,1,0,0,0,0,[],[],[],[],0
375,73.358285000,10.11.11.200,49275,98.138.71.149,80,6,866,952,1,0,0,0,0,[],[],[],[],0
376,0.111037000,10.11.11.121,37058,74.125.30.94,80,6,565,440,0,0,0,0,0,[],[],[],[],0
377,69.504012000,10.11.11.200,49276,34.194.61.181,80,6,919,5035,0,0,0,0,0,[],[],[],[],0
378,0.197385000,10.11.11.121,43712,64.233.178.105,443,6,1147,3680,0,0,0,d8c87b9bfde38897979e41242626c2f3,771,49195-49196-52393-49199-49200-52392-49161-49162-49171-49172-156-157-47-53-0-0-0-0-0-0-0-0-0-0-0-0-0-0-0-0-0-0-0-0-0-0,65281-0-23-35-13-5-16-11-10-0-0-0-0-0-0-0-0-0-0-0-0-0-0-0-0-0,29-23-24-0-0-0,0-0,0
379,0.623917000,10.11.11.121,41374,27.0.236.160,5242,6,878,657,0,0,0,0,0,[],[],[],[],0
380,0.169117000,10.11.11.121,38016,64.233.178.99,443,6,1147,3681,0,0,0,d8c87b9bfde38897979e41242626c2f3,771,49195-49196-52393-49199-49200-52392-49161-49162-49171-49172-156-157-47-53-0-0-0-0-0-0-0-0-0-0-0-0-0-0-0-0-0-0-0-0-0-0,65281-0-23-35-13-5-16-11-10-0-0-0-0-0-0-0-0-0-0-0-0-0-0-0-0-0,29-23-24-0-0-0,0-0,0
381,93.555311000,10.11.11.121,50148,99.80.223.1,5223,6,1554,3191,0,0,0,c25475db6faedfccaf8b67a3fc439e78,771,49195-49196-52393-49199-49200-52392-49161-49162-49171-49172-156-157-47-53-0-0-0-0-0-0-0-0-0-0-0-0-0-0-0-0-0-0-0-0-0-0,65281-23-13-5-11-10-0-0-0-0-0-0-0-0-0-0-0-0-0-0-0-0-0-0-0-0,29-23-24-0-0-0,0-0,0
382,89.982543000,10.11.11.121,42210,113.29.141.91,5242,6,1206,919,0,0,0,0,0,[],[],[],[],0
383,7.526563000,10.11.11.121,33326,64.233.178.147,443,6,3013,2765,0,0,0,0,0,[],[],[],[],0
384,60.354932000,10.11.11.217,62574,3.211.86.101,443,6,2435,6326,0,0,0,6fa3244afc6bb6f9fad207b6b52af26b,771,4865-4866-4867-49196-49195-49188-49187-49162-49161-52393-49200-49199-49192-49191-49172-49171-52392-157-156-61-60-53-47-49160-49170-10-0-0-0-0-0-0-0-0-0-0,65281-0-23-13-5-18-16-11-51-45-43-10-21-0-0-0-0-0-0-0-0-0-0-0-0-0,29-23-24-25-0-0,0-0,0
385,0.203582000,10.11.11.121,47728,74.125.30.188,5228,6,1505,1477,0,0,0,58e34c2965c9f3fa4919d58deef1f49e,771,4865-4866-4867-49195-49196-52393-49199-49200-52392-49161-49162-49171-49172-156-157-47-53-0-0-0-0-0-0-0-0-0-0-0-0-0-0-0-0-0-0-0,0-23-65281-10-11-35-5-13-51-45-43-41-0-0-0-0-0-0-0-0-0-0-0-0-0-0,29-23-24-0-0-0,0-0,0
386,65.440614000,10.11.11.200,49277,52.207.88.186,80,6,246,174,0,0,0,0,0,[],[],[],[],0
387,65.437549000,10.11.11.200,49278,52.207.88.186,80,6,1012,1504,0,0,0,0,0,[],[],[],[],0
388,9.025471000,10.11.11.203,49200,5.188.108.58,443,6,194,0,0,0,0,0,0,[],[],[],[],0
389,20.118658000,10.11.11.217,62575,35.185.55.255,80,6,1001,1219,0,0,0,0,0,[],[],[],[],0
390,20.118233000,10.11.11.217,62576,35.185.55.255,80,6,1001,1148,0,0,0,0,0,[],[],[],[],0
391,70.664387000,10.11.11.121,60320,173.236.251.15,80,6,2391,21168,0,0,0,0,0,[],[],[],[],0
392,60.274999000,10.11.11.121,60322,173.236.251.15,80,6,206,206,0,0,0,0,0,[],[],[],[],0
393,0.200783000,10.11.11.121,41928,108.177.9.113,443,6,2064,1503,0,0,0,0,0,[],[],[],[],0
394,65.530707000,10.11.11.121,40230,52.9.197.142,443,6,2183,7158,0,0,0,d8c87b9bfde38897979e41242626c2f3,771,49195-49196-52393-49199-49200-52392-49161-49162-49171-49172-156-157-47-53-0-0-0-0-0-0-0-0-0-0-0-0-0-0-0-0-0-0-0-0-0-0,65281-0-23-35-13-5-16-11-10-0-0-0-0-0-0-0-0-0-0-0-0-0-0-0-0-0,29-23-24-0-0-0,0-0,0
395,65.530814000,10.11.11.121,40231,52.9.197.142,443,6,2443,7158,0,0,0,d8c87b9bfde38897979e41242626c2f3,771,49195-49196-52393-49199-49200-52392-49161-49162-49171-49172-156-157-47-53-0-0-0-0-0-0-0-0-0-0-0-0-0-0-0-0-0-0-0-0-0-0,65281-0-23-35-13-5-16-11-10-0-0-0-0-0-0-0-0-0-0-0-0-0-0-0-0-0,29-23-24-0-0-0,0-0,0
396,65.528805000,10.11.11.121,40234,52.9.197.142,443,6,2136,7158,0,0,0,d8c87b9bfde38897979e41242626c2f3,771,49195-49196-52393-49199-49200-52392-49161-49162-49171-49172-156-157-47-53-0-0-0-0-0-0-0-0-0-0-0-0-0-0-0-0-0-0-0-0-0-0,65281-0-23-35-13-5-16-11-10-0-0-0-0-0-0-0-0-0-0-0-0-0-0-0-0-0,29-23-24-0-0-0,0-0,0
397,0.019037000,10.11.11.217,62577,172.217.9.131,80,6,78,74,0,0,0,0,0,[],[],[],[],0
398,9.011213000,10.11.11.203,49201,5.188.108.58,443,6,194,0,0,0,0,0,0,[],[],[],[],0
399,9.020817000,10.11.11.203,49202,138.201.6.195,443,6,194,0,0,0,0,0,0,[],[],[],[],0
400,3.905144000,10.11.11.121,52326,34.215.55.47,443,6,1996,7521,3,0,0,d8c87b9bfde38897979e41242626c2f3,771,49195-49196-52393-49199-49200-52392-49161-49162-49171-49172-156-157-47-53-0-0-0-0-0-0-0-0-0-0-0-0-0-0-0-0-0-0-0-0-0-0,65281-0-23-35-13-5-16-11-10-0-0-0-0-0-0-0-0-0-0-0-0-0-0-0-0-0,29-23-24-0-0-0,0-0,0
401,4.009146000,10.11.11.121,52328,34.215.55.47,443,6,1620,1502,2,0,0,d8c87b9bfde38897979e41242626c2f3,771,49195-49196-52393-49199-49200-52392-49161-49162-49171-49172-156-157-47-53-0-0-0-0-0-0-0-0-0-0-0-0-0-0-0-0-0-0-0-0-0-0,65281-0-23-35-13-5-16-11-10-0-0-0-0-0-0-0-0-0-0-0-0-0-0-0-0-0,29-23-24-0-0-0,0-0,0
402,4.084897000,10.11.11.121,52330,34.215.55.47,443,6,1837,1357,2,0,0,d8c87b9bfde38897979e41242626c2f3,771,49195-49196-52393-49199-49200-52392-49161-49162-49171-49172-156-157-47-53-0-0-0-0-0-0-0-0-0-0-0-0-0-0-0-0-0-0-0-0-0-0,65281-0-23-35-13-5-16-11-10-0-0-0-0-0-0-0-0-0-0-0-0-0-0-0-0-0,29-23-24-0-0-0,0-0,0
403,0.663987000,10.11.11.121,52332,34.215.55.47,443,6,2049,1224,0,0,0,d8c87b9bfde38897979e41242626c2f3,771,49195-49196-52393-49199-49200-52392-49161-49162-49171-49172-156-157-47-53-0-0-0-0-0-0-0-0-0-0-0-0-0-0-0-0-0-0-0-0-0-0,65281-0-23-35-13-5-16-11-10-0-0-0-0-0-0-0-0-0-0-0-0-0-0-0-0-0,29-23-24-0-0-0,0-0,0
404,0.636830000,10.11.11.121,52334,34.215.55.47,443,6,1306,1277,0,0,0,d8c87b9bfde38897979e41242626c2f3,771,49195-49196-52393-49199-49200-52392-49161-49162-49171-49172-156-157-47-53-0-0-0-0-0-0-0-0-0-0-0-0-0-0-0-0-0-0-0-0-0-0,65281-0-23-35-13-5-16-11-10-0-0-0-0-0-0-0-0-0-0-0-0-0-0-0-0-0,29-23-24-0-0-0,0-0,0
405,0.475981000,10.11.11.121,52336,34.215.55.47,443,6,1186,743,0,0,0,d8c87b9bfde38897979e41242626c2f3,771,49195-49196-52393-49199-49200-52392-49161-49162-49171-49172-156-157-47-53-0-0-0-0-0-0-0-0-0-0-0-0-0-0-0-0-0-0-0-0-0-0,65281-0-23-35-13-5-16-11-10-0-0-0-0-0-0-0-0-0-0-0-0-0-0-0-0-0,29-23-24-0-0-0,0-0,0
406,0.586671000,10.11.11.121,52338,34.215.55.47,443,6,1249,1226,0,0,0,d8c87b9bfde38897979e41242626c2f3,771,49195-49196-52393-49199-49200-52392-49161-49162-49171-49172-156-157-47-53-0-0-0-0-0-0-0-0-0-0-0-0-0-0-0-0-0-0-0-0-0-0,65281-0-23-35-13-5-16-11-10-0-0-0-0-0-0-0-0-0-0-0-0-0-0-0-0-0,29-23-24-0-0-0,0-0,0
407,0.635006000,10.11.11.121,52340,34.215.55.47,443,6,1358,996,0,0,0,d8c87b9bfde38897979e41242626c2f3,771,49195-49196-52393-49199-49200-52392-49161-49162-49171-49172-156-157-47-53-0-0-0-0-0-0-0-0-0-0-0-0-0-0-0-0-0-0-0-0-0-0,65281-0-23-35-13-5-16-11-10-0-0-0-0-0-0-0-0-0-0-0-0-0-0-0-0-0,29-23-24-0-0-0,0-0,0
408,0.509256000,10.11.11.121,52342,34.215.55.47,443,6,1376,7292,0,0,0,d8c87b9bfde38897979e41242626c2f3,771,49195-49196-52393-49199-49200-52392-49161-49162-49171-49172-156-157-47-53-0-0-0-0-0-0-0-0-0-0-0-0-0-0-0-0-0-0-0-0-0-0,65281-0-23-35-13-5-16-11-10-0-0-0-0-0-0-0-0-0-0-0-0-0-0-0-0-0,29-23-24-0-0-0,0-0,0
409,9.027749000,10.11.11.203,49203,138.201.6.195,443,6,194,0,0,0,0,0,0,[],[],[],[],0
410,9.011988000,10.11.11.203,49204,5.188.108.58,443,6,194,0,0,0,0,0,0,[],[],[],[],0
411,9.011648000,10.11.11.203,49205,138.201.6.195,443,6,194,0,0,0,0,0,0,[],[],[],[],0
412,9.014128000,10.11.11.203,49206,5.188.108.58,443,6,194,0,0,0,0,0,0,[],[],[],[],0
413,9.018219000,10.11.11.203,49207,5.188.108.58,443,6,194,0,0,0,0,0,0,[],[],[],[],0
414,10.137497000,10.11.11.11,135,10.11.11.200,49166,6,604,0,1,0,0,0,0,[],[],[],[],0
415,10.108577000,10.11.11.11,49155,10.11.11.200,49167,6,604,0,1,0,0,0,0,[],[],[],[],0
416,10.124161000,10.11.11.11,135,10.11.11.200,49175,6,604,0,1,0,0,0,0,[],[],[],[],0
417,10.124147000,10.11.11.11,135,10.11.11.200,49176,6,604,0,1,0,0,0,0,[],[],[],[],0
418,10.030579000,10.11.11.11,49158,10.11.11.200,49177,6,604,0,1,0,0,0,0,[],[],[],[],0
419,10.030582000,10.11.11.11,49155,10.11.11.200,49178,6,604,0,1,0,0,0,0,[],[],[],[],0
420,9.013586000,10.11.11.203,49208,138.201.6.195,443,6,194,0,0,0,0,0,0,[],[],[],[],0
421,121.217532000,10.11.11.195,50192,13.107.5.88,443,6,1950,13377,1,0,0,10ee8d30a5d01c042afd7b2b205facc4,771,49196-49195-49200-49199-49188-49187-49192-49191-49162-49161-49172-49171-157-156-61-60-53-47-10-0-0-0-0-0-0-0-0-0-0-0-0-0-0-0-0-0,0-5-10-11-13-35-16-23-24-65281-0-0-0-0-0-0-0-0-0-0-0-0-0-0-0-0,29-23-24-0-0-0,0-0,0
422,9.012208000,10.11.11.203,49209,138.201.6.195,443,6,194,0,0,0,0,0,0,[],[],[],[],0
423,9.016328000,10.11.11.203,49210,5.188.108.58,443,6,194,0,0,0,0,0,0,[],[],[],[],0
424,9.021799000,10.11.11.203,49211,138.201.6.195,443,6,194,0,0,0,0,0,0,[],[],[],[],0
425,9.016434000,10.11.11.203,49212,5.188.108.58,443,6,194,0,0,0,0,0,0,[],[],[],[],0
426,9.013020000,10.11.11.203,49213,5.188.108.58,443,6,194,0,0,0,0,0,0,[],[],[],[],0
427,9.008243000,10.11.11.203,49214,138.201.6.195,443,6,194,0,0,0,0,0,0,[],[],[],[],0
428,9.013416000,10.11.11.203,49215,138.201.6.195,443,6,194,0,0,0,0,0,0,[],[],[],[],0
429,9.018611000,10.11.11.203,49216,5.188.108.58,443,6,194,0,0,0,0,0,0,[],[],[],[],0
430,9.016575000,10.11.11.203,49217,138.201.6.195,443,6,194,0,0,0,0,0,0,[],[],[],[],0
431,8.989624000,10.11.11.203,49218,5.188.108.58,443,6,194,0,0,0,0,0,0,[],[],[],[],0
432,9.010842000,10.11.11.203,49219,5.188.108.58,443,6,194,0,0,0,0,0,0,[],[],[],[],0
433,0.599319000,10.11.11.200,49279,10.11.11.11,389,6,4427,4669,1,0,0,0,0,[],[],[],[],0
434,0.027324000,10.11.11.200,49280,10.11.11.11,88,6,2004,1976,1,0,0,0,0,[],[],[],[],0
435,0.032873000,10.11.11.200,49281,10.11.11.11,389,6,180,174,1,0,0,0,0,[],[],[],[],0
436,0.046394000,10.11.11.200,49282,10.11.11.11,389,6,180,174,1,0,0,0,0,[],[],[],[],0
437,0.021408000,10.11.11.200,49283,10.11.11.11,389,6,180,174,1,0,0,0,0,[],[],[],[],0
438,0.034694000,10.11.11.200,49284,10.11.11.11,389,6,180,174,1,0,0,0,0,[],[],[],[],0
439,9.015599000,10.11.11.203,49220,138.201.6.195,443,6,194,0,0,0,0,0,0,[],[],[],[],0
440,15.489589000,10.11.11.200,49285,10.11.11.11,445,6,4682,1712,1,0,0,0,0,[],[],[],[],0
441,9.008843000,10.11.11.203,49221,138.201.6.195,443,6,194,0,0,0,0,0,0,[],[],[],[],0
442,0.460364000,10.11.11.203,49222,10.11.11.11,389,6,4403,4666,1,0,0,0,0,[],[],[],[],0
443,0.030101000,10.11.11.203,49223,10.11.11.11,88,6,1986,1958,1,0,0,0,0,[],[],[],[],0
444,0.022378000,10.11.11.203,49224,10.11.11.11,389,6,180,174,1,0,0,0,0,[],[],[],[],0
445,0.022000000,10.11.11.203,49225,10.11.11.11,389,6,180,174,1,0,0,0,0,[],[],[],[],0
446,0.023954000,10.11.11.203,49226,10.11.11.11,389,6,180,174,1,0,0,0,0,[],[],[],[],0
447,0.021742000,10.11.11.203,49227,10.11.11.11,389,6,180,174,1,0,0,0,0,[],[],[],[],0
448,9.023361000,10.11.11.203,49228,5.188.108.58,443,6,194,0,0,0,0,0,0,[],[],[],[],0
449,8.998070000,10.11.11.200,49286,52.36.13.119,443,6,194,0,0,0,0,0,0,[],[],[],[],0
450,2.997882000,10.11.11.200,49287,52.36.13.119,443,6,132,0,0,0,0,0,0,[],[],[],[],0
